App,BUILD.àÍä—áX
É^ÉCÉgÉã,5ëw6íi-XVF-YVF BBB_1
éÅñº,ITEC
ó™èÃ,óYåíçHã∆
<â◊èdÉPÅ[ÉX>,ñ}ó·
V,âîíºâ◊èdéû
S,êœê·â◊èdéû
EXL,ínêkéûXLâ¡óÕ
EXR,ínêkéûXRâ¡óÕ
EYL,ínêkéûYLâ¡óÕ
EYR,ínêkéûYRâ¡óÕ
WXL,ïóâ◊èdéûXLâ¡óÕ
WXR,ïóâ◊èdéûXRâ¡óÕ
WYL,ïóâ◊èdéûYLâ¡óÕ
WYR,ïóâ◊èdéûYRâ¡óÕ
V+É¬1ÅES,[ëΩê·ãÊàÊ]í∑ä˙
V+É¬2ÅES+EXL,[ëΩê·ãÊàÊ]íZä˙ínêkéûXLâ¡óÕ
V+É¬2ÅES+EXR,[ëΩê·ãÊàÊ]íZä˙ínêkéûXRâ¡óÕ
V+É¬2ÅES+EYL,[ëΩê·ãÊàÊ]íZä˙ínêkéûYLâ¡óÕ
V+É¬2ÅES+EYR,[ëΩê·ãÊàÊ]íZä˙ínêkéûYRâ¡óÕ
V+É¬2ÅES+WXL,[ëΩê·ãÊàÊ]íZä˙ïóâ◊èdéûXLâ¡óÕ
V+É¬2ÅES+WXR,[ëΩê·ãÊàÊ]íZä˙ïóâ◊èdéûXRâ¡óÕ
V+É¬2ÅES+WYL,[ëΩê·ãÊàÊ]íZä˙ïóâ◊èdéûYLâ¡óÕ
V+É¬2ÅES+WYR,[ëΩê·ãÊàÊ]íZä˙ïóâ◊èdéûYRâ¡óÕ
<ëÂó¿ïîçﬁâûóÕ>
äK,í ÇË,é≤,â◊èdÉPÅ[ÉX,ML[kNm],MC[kNm],MR[kNm],QL[kN],QR[kN]
1F,A,2,V,38.5,-105.2,165.7,88.3,119.1
1F,A,3,V,156.3,-62.4,133.0,105.3,99.2
1F,A,4,V,134.1,-73.0,134.1,102.2,102.2
1F,A,5,V,133.0,-62.4,156.3,99.2,105.3
1F,A,6,V,165.7,-105.2,38.5,119.1,88.3
1F,B,1,V,0.8,-89.1,1.0,72.0,72.0
1F,B,7,V,1.0,-89.1,0.8,72.0,72.0
1F,C,3,V,4.8,-204.1,2.8,109.7,109.2
1F,C,5,V,2.8,-204.1,4.8,109.2,109.7
1F,E,3,V,4.8,-204.1,2.8,109.7,109.2
1F,E,5,V,2.8,-204.1,4.8,109.2,109.7
1F,F,1,V,0.8,-89.1,1.0,72.0,72.0
1F,F,7,V,1.0,-89.1,0.8,72.0,72.0
1F,G,2,V,38.5,-105.2,165.7,88.3,119.1
1F,G,3,V,156.3,-62.4,133.0,105.3,99.2
1F,G,4,V,134.1,-73.0,134.1,102.2,102.2
1F,G,5,V,133.0,-62.4,156.3,99.2,105.3
1F,G,6,V,165.7,-105.2,38.5,119.1,88.3
2F,A,2,V,95.8,-120.1,205.2,97.7,126.3
2F,A,3,V,185.1,-19.4,-88.6,112.7,-0.8
2F,A,3A,V,-88.6,-22.3,179.2,0.8,111.2
2F,A,4,V,180.3,-22.7,-90.4,112.0,0.0
2F,A,4A,V,-90.4,-22.7,180.3,-0.0,112.0
2F,A,5,V,179.2,-22.3,-88.6,111.2,0.8
2F,A,5A,V,-88.6,-19.4,185.1,-0.8,112.7
2F,A,6,V,205.2,-120.1,95.8,126.3,97.7
2F,B,1,V,0.0,-82.5,-0.0,39.3,39.3
2F,B,7,V,-0.0,-82.5,0.0,39.3,39.3
2F,C,1,V,0.1,-475.1,-742.3,192.2,-104.7
2F,C,2,V,-742.3,-678.3,0.1,25.2,220.5
2F,C,3,V,0.0,-227.0,-302.7,120.5,0.0
2F,C,3A,V,-302.7,-227.0,0.0,-0.0,120.5
2F,C,4,V,0.0,-227.0,-302.7,120.5,0.0
2F,C,4A,V,-302.7,-227.0,0.0,-0.0,120.5
2F,C,5,V,0.0,-227.0,-302.7,120.5,-0.0
2F,C,5A,V,-302.7,-227.0,0.0,0.0,120.5
2F,C,6,V,0.1,-678.3,-742.3,220.5,25.2
2F,C,7,V,-742.3,-475.1,0.1,-104.7,192.2
2F,D,1,V,0.0,-278.9,-419.7,113.7,-54.2
2F,D,2,V,-419.7,-352.8,0.0,2.8,113.3
2F,D,3,V,0.0,-118.6,-168.0,63.5,-7.8
2F,D,3A,V,-168.0,-118.6,0.0,-7.8,63.5
2F,D,4,V,0.0,-118.6,-168.0,63.5,-7.8
2F,D,4A,V,-168.0,-118.6,0.0,-7.8,63.5
2F,D,5,V,0.0,-118.6,-168.0,63.5,-7.8
2F,D,5A,V,-168.0,-118.6,0.0,-7.8,63.5
2F,D,6,V,0.0,-352.8,-419.7,113.3,2.8
2F,D,7,V,-419.7,-278.9,0.0,-54.2,113.7
2F,E,1,V,0.1,-475.1,-742.3,192.2,-104.7
2F,E,2,V,-742.3,-678.3,0.1,25.2,220.5
2F,E,3,V,0.0,-227.0,-302.7,120.5,0.0
2F,E,3A,V,-302.7,-227.0,0.0,-0.0,120.5
2F,E,4,V,0.0,-227.0,-302.7,120.5,0.0
2F,E,4A,V,-302.7,-227.0,0.0,-0.0,120.5
2F,E,5,V,0.0,-227.0,-302.7,120.5,-0.0
2F,E,5A,V,-302.7,-227.0,0.0,-0.0,120.5
2F,E,6,V,0.1,-678.3,-742.3,220.5,25.2
2F,E,7,V,-742.3,-475.1,0.1,-104.7,192.2
2F,F,1,V,0.0,-82.5,-0.0,39.3,39.3
2F,F,7,V,-0.0,-82.5,0.0,39.3,39.3
2F,G,2,V,95.8,-120.1,205.2,97.7,126.3
2F,G,3,V,185.1,-19.4,-88.6,112.7,-0.8
2F,G,3A,V,-88.6,-22.3,179.2,0.8,111.2
2F,G,4,V,180.3,-22.7,-90.4,112.0,0.0
2F,G,4A,V,-90.4,-22.7,180.3,-0.0,112.0
2F,G,5,V,179.2,-22.3,-88.6,111.2,0.8
2F,G,5A,V,-88.6,-19.4,185.1,-0.8,112.7
2F,G,6,V,205.2,-120.1,95.8,126.3,97.7
3F,A,2,V,103.2,-111.7,185.3,95.4,116.9
3F,A,3,V,171.7,-20.4,-84.6,106.2,-0.1
3F,A,3A,V,-84.6,-20.7,171.2,0.1,106.1
3F,A,4,V,170.7,-21.3,-85.3,106.1,0.0
3F,A,4A,V,-85.3,-21.3,170.7,0.0,106.1
3F,A,5,V,171.2,-20.7,-84.6,106.1,0.1
3F,A,5A,V,-84.6,-20.4,171.7,-0.1,106.2
3F,A,6,V,185.3,-111.7,103.2,116.9,95.4
3F,B,1,V,0.0,-78.1,-0.0,37.5,37.5
3F,B,7,V,-0.0,-78.1,0.0,37.5,37.5
3F,C,1,V,0.1,-445.8,-696.5,180.5,-98.2
3F,C,2,V,-696.5,-636.6,0.1,23.8,207.1
3F,C,3,V,0.0,-212.9,-283.9,113.1,0.0
3F,C,3A,V,-283.9,-212.9,0.0,-0.0,113.1
3F,C,4,V,0.0,-212.9,-283.9,113.1,0.0
3F,C,4A,V,-283.9,-212.9,0.0,-0.0,113.1
3F,C,5,V,0.0,-212.9,-283.9,113.1,-0.0
3F,C,5A,V,-283.9,-212.9,0.0,0.0,113.1
3F,C,6,V,0.1,-636.6,-696.5,207.1,23.8
3F,C,7,V,-696.5,-445.8,0.1,-98.2,180.5
3F,D,1,V,0.0,-261.8,-394.1,106.8,-50.8
3F,D,2,V,-394.1,-331.4,0.0,2.8,106.5
3F,D,3,V,0.0,-97.4,-129.8,52.3,0.0
3F,D,3A,V,-129.8,-97.4,0.0,-0.0,52.3
3F,D,4,V,0.0,-97.4,-129.8,52.3,-0.0
3F,D,4A,V,-129.8,-97.4,0.0,-0.0,52.3
3F,D,5,V,0.0,-97.4,-129.8,52.3,-0.0
3F,D,5A,V,-129.8,-97.4,0.0,0.0,52.3
3F,D,6,V,0.0,-331.4,-394.1,106.5,2.8
3F,D,7,V,-394.1,-261.8,0.0,-50.8,106.8
3F,E,1,V,0.1,-445.8,-696.5,180.5,-98.2
3F,E,2,V,-696.5,-636.6,0.1,23.8,207.1
3F,E,3,V,0.0,-212.9,-283.9,113.1,0.0
3F,E,3A,V,-283.9,-212.9,0.0,-0.0,113.1
3F,E,4,V,0.0,-212.9,-283.9,113.1,0.0
3F,E,4A,V,-283.9,-212.9,0.0,-0.0,113.1
3F,E,5,V,0.0,-212.9,-283.9,113.1,-0.0
3F,E,5A,V,-283.9,-212.9,0.0,0.0,113.1
3F,E,6,V,0.1,-636.6,-696.5,207.1,23.8
3F,E,7,V,-696.5,-445.8,0.1,-98.2,180.5
3F,F,1,V,0.0,-78.1,-0.0,37.5,37.5
3F,F,7,V,-0.0,-78.1,0.0,37.5,37.5
3F,G,2,V,103.2,-111.7,185.3,95.4,116.9
3F,G,3,V,171.7,-20.4,-84.6,106.2,-0.1
3F,G,3A,V,-84.6,-20.7,171.2,0.1,106.1
3F,G,4,V,170.7,-21.3,-85.3,106.1,0.0
3F,G,4A,V,-85.3,-21.3,170.7,-0.0,106.1
3F,G,5,V,171.2,-20.7,-84.6,106.1,0.1
3F,G,5A,V,-84.6,-20.4,171.7,-0.1,106.2
3F,G,6,V,185.3,-111.7,103.2,116.9,95.4
4F,A,2,V,105.7,-112.9,180.4,96.4,115.9
4F,A,3,V,170.7,-21.0,-84.7,106.0,0.2
4F,A,3A,V,-84.7,-20.4,171.9,-0.2,106.3
4F,A,4,V,170.8,-21.2,-85.2,106.1,0.0
4F,A,4A,V,-85.2,-21.2,170.8,0.0,106.1
4F,A,5,V,171.9,-20.4,-84.7,106.3,-0.2
4F,A,5A,V,-84.7,-21.0,170.7,0.2,106.0
4F,A,6,V,180.4,-112.9,105.7,115.9,96.4
4F,B,1,V,0.0,-78.1,-0.0,37.5,37.5
4F,B,7,V,-0.0,-78.1,0.0,37.5,37.5
4F,C,1,V,0.1,-445.8,-696.5,180.5,-98.2
4F,C,2,V,-696.5,-636.6,0.1,23.8,207.1
4F,C,3,V,0.0,-212.9,-283.9,113.1,0.0
4F,C,3A,V,-283.9,-212.9,0.0,-0.0,113.1
4F,C,4,V,0.0,-212.9,-283.9,113.1,0.0
4F,C,4A,V,-283.9,-212.9,0.0,-0.0,113.1
4F,C,5,V,0.0,-212.9,-283.9,113.1,-0.0
4F,C,5A,V,-283.9,-212.9,0.0,0.0,113.1
4F,C,6,V,0.1,-636.6,-696.5,207.1,23.8
4F,C,7,V,-696.5,-445.8,0.1,-98.2,180.5
4F,D,1,V,0.0,-261.8,-394.1,106.8,-50.8
4F,D,2,V,-394.1,-331.4,0.0,2.8,106.5
4F,D,3,V,0.0,-106.9,-148.8,57.3,-5.0
4F,D,3A,V,-148.8,-106.9,0.0,-5.0,57.3
4F,D,4,V,0.0,-106.9,-148.8,57.3,-5.0
4F,D,4A,V,-148.8,-106.9,0.0,-5.0,57.3
4F,D,5,V,0.0,-106.9,-148.8,57.3,-5.0
4F,D,5A,V,-148.8,-106.9,0.0,-5.0,57.3
4F,D,6,V,0.0,-331.4,-394.1,106.5,2.8
4F,D,7,V,-394.1,-261.8,0.0,-50.8,106.8
4F,E,1,V,0.1,-445.8,-696.5,180.5,-98.2
4F,E,2,V,-696.5,-636.6,0.1,23.8,207.1
4F,E,3,V,0.0,-212.9,-283.9,113.1,0.0
4F,E,3A,V,-283.9,-212.9,0.0,-0.0,113.1
4F,E,4,V,0.0,-212.9,-283.9,113.1,-0.0
4F,E,4A,V,-283.9,-212.9,0.0,-0.0,113.1
4F,E,5,V,0.0,-212.9,-283.9,113.1,-0.0
4F,E,5A,V,-283.9,-212.9,0.0,0.0,113.1
4F,E,6,V,0.1,-636.6,-696.5,207.1,23.8
4F,E,7,V,-696.5,-445.8,0.1,-98.2,180.5
4F,F,1,V,0.0,-78.1,-0.0,37.5,37.5
4F,F,7,V,-0.0,-78.1,0.0,37.5,37.5
4F,G,2,V,105.7,-112.9,180.4,96.4,115.9
4F,G,3,V,170.7,-21.0,-84.7,106.0,0.2
4F,G,3A,V,-84.7,-20.4,171.9,-0.2,106.3
4F,G,4,V,170.8,-21.2,-85.2,106.1,0.0
4F,G,4A,V,-85.2,-21.2,170.8,0.0,106.1
4F,G,5,V,171.9,-20.4,-84.7,106.3,-0.2
4F,G,5A,V,-84.7,-21.0,170.7,0.2,106.0
4F,G,6,V,180.4,-112.9,105.7,115.9,96.4
5F,A,2,V,114.1,-110.9,175.9,98.1,114.2
5F,A,3,V,168.0,-22.7,-85.5,105.5,0.7
5F,A,3A,V,-85.5,-20.2,173.0,-0.7,106.8
5F,A,4,V,171.0,-21.0,-85.0,106.1,0.0
5F,A,4A,V,-85.0,-21.0,171.0,-0.0,106.1
5F,A,5,V,173.0,-20.2,-85.5,106.8,-0.7
5F,A,5A,V,-85.5,-22.7,168.0,0.7,105.5
5F,A,6,V,175.9,-110.9,114.1,114.2,98.1
5F,B,1,V,0.0,-78.1,-0.0,37.5,37.5
5F,B,7,V,-0.0,-78.1,0.0,37.5,37.5
5F,C,1,V,0.1,-445.8,-696.5,180.5,-98.2
5F,C,2,V,-696.5,-636.6,0.1,23.8,207.1
5F,C,3,V,0.0,-212.9,-283.9,113.1,0.0
5F,C,3A,V,-283.9,-212.9,0.0,-0.0,113.1
5F,C,4,V,0.0,-212.9,-283.9,113.1,0.0
5F,C,4A,V,-283.9,-212.9,0.0,-0.0,113.1
5F,C,5,V,0.0,-212.9,-283.9,113.1,-0.0
5F,C,5A,V,-283.9,-212.9,0.0,0.0,113.1
5F,C,6,V,0.1,-636.6,-696.5,207.1,23.8
5F,C,7,V,-696.5,-445.8,0.1,-98.2,180.5
5F,D,1,V,0.0,-261.8,-394.1,106.8,-50.8
5F,D,2,V,-394.1,-331.4,0.0,2.8,106.5
5F,D,3,V,0.0,-97.4,-129.8,52.3,0.0
5F,D,3A,V,-129.8,-97.4,0.0,-0.0,52.3
5F,D,4,V,0.0,-97.4,-129.8,52.3,0.0
5F,D,4A,V,-129.8,-97.4,0.0,0.0,52.3
5F,D,5,V,0.0,-97.4,-129.8,52.3,-0.0
5F,D,5A,V,-129.8,-97.4,0.0,0.0,52.3
5F,D,6,V,0.0,-331.4,-394.1,106.5,2.8
5F,D,7,V,-394.1,-261.8,0.0,-50.8,106.8
5F,E,1,V,0.1,-445.8,-696.5,180.5,-98.2
5F,E,2,V,-696.5,-636.6,0.1,23.8,207.1
5F,E,3,V,0.0,-212.9,-283.9,113.1,0.0
5F,E,3A,V,-283.9,-212.9,0.0,-0.0,113.1
5F,E,4,V,0.0,-212.9,-283.9,113.1,0.0
5F,E,4A,V,-283.9,-212.9,0.0,-0.0,113.1
5F,E,5,V,0.0,-212.9,-283.9,113.1,-0.0
5F,E,5A,V,-283.9,-212.9,0.0,0.0,113.1
5F,E,6,V,0.1,-636.6,-696.5,207.1,23.8
5F,E,7,V,-696.5,-445.8,0.1,-98.2,180.5
5F,F,1,V,0.0,-78.1,-0.0,37.5,37.5
5F,F,7,V,-0.0,-78.1,0.0,37.5,37.5
5F,G,2,V,114.1,-110.9,175.9,98.1,114.2
5F,G,3,V,168.0,-22.7,-85.5,105.5,0.7
5F,G,3A,V,-85.5,-20.2,173.0,-0.7,106.8
5F,G,4,V,171.0,-21.0,-85.0,106.1,0.0
5F,G,4A,V,-85.0,-21.0,171.0,0.0,106.1
5F,G,5,V,173.0,-20.2,-85.5,106.8,-0.7
5F,G,5A,V,-85.5,-22.7,168.0,0.7,105.5
5F,G,6,V,175.9,-110.9,114.1,114.2,98.1
RF,A,2,V,77.1,-144.0,215.4,106.1,142.4
RF,A,3,V,200.1,-19.4,-93.9,125.2,-1.0
RF,A,3A,V,-93.9,-23.1,192.8,1.0,123.2
RF,A,4,V,193.2,-24.5,-97.1,124.2,0.0
RF,A,4A,V,-97.1,-24.5,193.2,0.0,124.2
RF,A,5,V,192.8,-23.1,-93.9,123.2,1.0
RF,A,5A,V,-93.9,-19.4,200.1,-1.0,125.2
RF,A,6,V,215.4,-144.0,77.1,142.4,106.1
RF,B,1,V,0.0,-93.0,-0.0,49.4,49.4
RF,B,7,V,-0.0,-93.0,0.0,49.4,49.4
RF,C,1,V,0.1,-445.8,-696.5,180.5,-98.2
RF,C,2,V,-696.5,-636.6,0.1,23.8,207.1
RF,C,3,V,0.0,-212.9,-283.9,113.1,0.0
RF,C,3A,V,-283.9,-212.9,0.0,-0.0,113.1
RF,C,4,V,0.0,-212.9,-283.9,113.1,0.0
RF,C,4A,V,-283.9,-212.9,0.0,-0.0,113.1
RF,C,5,V,0.0,-212.9,-283.9,113.1,-0.0
RF,C,5A,V,-283.9,-212.9,0.0,0.0,113.1
RF,C,6,V,0.1,-636.6,-696.5,207.1,23.8
RF,C,7,V,-696.5,-445.8,0.1,-98.2,180.5
RF,D,1,V,0.0,-261.8,-394.1,106.8,-50.8
RF,D,2,V,-394.1,-331.4,0.0,2.8,106.5
RF,D,3,V,0.0,-97.4,-129.8,52.3,0.0
RF,D,3A,V,-129.8,-97.4,0.0,-0.0,52.3
RF,D,4,V,0.0,-97.4,-129.8,52.3,0.0
RF,D,4A,V,-129.8,-97.4,0.0,0.0,52.3
RF,D,5,V,0.0,-97.4,-129.8,52.3,-0.0
RF,D,5A,V,-129.8,-97.4,0.0,0.0,52.3
RF,D,6,V,0.0,-331.4,-394.1,106.5,2.8
RF,D,7,V,-394.1,-261.8,0.0,-50.8,106.8
RF,E,1,V,0.1,-445.8,-696.5,180.5,-98.2
RF,E,2,V,-696.5,-636.6,0.1,23.8,207.1
RF,E,3,V,0.0,-212.9,-283.9,113.1,0.0
RF,E,3A,V,-283.9,-212.9,0.0,-0.0,113.1
RF,E,4,V,0.0,-212.9,-283.9,113.1,0.0
RF,E,4A,V,-283.9,-212.9,0.0,-0.0,113.1
RF,E,5,V,0.0,-212.9,-283.9,113.1,-0.0
RF,E,5A,V,-283.9,-212.9,0.0,0.0,113.1
RF,E,6,V,0.1,-636.6,-696.5,207.1,23.8
RF,E,7,V,-696.5,-445.8,0.1,-98.2,180.5
RF,F,1,V,0.0,-93.0,-0.0,49.4,49.4
RF,F,7,V,-0.0,-93.0,0.0,49.4,49.4
RF,G,2,V,77.1,-144.0,215.4,106.1,142.4
RF,G,3,V,200.1,-19.4,-93.9,125.2,-1.0
RF,G,3A,V,-93.9,-23.1,192.8,1.0,123.2
RF,G,4,V,193.2,-24.5,-97.1,124.2,0.0
RF,G,4A,V,-97.1,-24.5,193.2,0.0,124.2
RF,G,5,V,192.8,-23.1,-93.9,123.2,1.0
RF,G,5A,V,-93.9,-19.4,200.1,-1.0,125.2
RF,G,6,V,215.4,-144.0,77.1,142.4,106.1
1F,1,B,V,30.3,-124.6,145.7,89.4,118.7
1F,1,C,V,166.4,15.5,-35.2,100.8,0.0
1F,1,D,V,-35.2,15.5,166.4,0.0,100.8
1F,1,E,V,145.7,-124.6,30.3,118.7,89.4
1F,2,A,V,0.8,-81.3,2.2,68.8,65.1
1F,2,F,V,2.2,-81.3,0.8,65.1,68.8
1F,3,C,V,-48.9,-43.6,61.8,17.5,79.0
1F,3,D,V,61.8,-43.6,-48.9,79.0,17.5
1F,4,C,V,-51.2,-44.3,62.6,16.6,79.9
1F,4,D,V,62.6,-44.3,-51.2,79.9,16.6
1F,5,C,V,-51.2,-44.3,62.6,16.6,79.9
1F,5,D,V,62.6,-44.3,-51.2,79.9,16.6
1F,6,C,V,-48.9,-43.6,61.8,17.5,79.0
1F,6,D,V,61.8,-43.6,-48.9,79.0,17.5
1F,7,A,V,0.8,-81.3,2.2,68.8,65.1
1F,7,F,V,2.2,-81.3,0.8,65.1,68.8
1F,8,B,V,30.3,-124.6,145.7,89.4,118.7
1F,8,C,V,166.4,15.5,-35.2,100.8,0.0
1F,8,D,V,-35.2,15.5,166.4,0.0,100.8
1F,8,E,V,145.7,-124.6,30.3,118.7,89.4
2F,1,B,V,53.1,-28.0,73.7,44.5,49.9
2F,1,C,V,164.9,-21.1,-163.8,110.5,-64.5
2F,1,D,V,-163.8,-21.1,164.9,-64.5,110.5
2F,1,E,V,73.7,-28.0,53.1,49.9,44.5
2F,2,A,V,0.0,-33.8,0.0,28.2,28.1
2F,2,B,V,0.0,-103.8,-0.0,53.8,53.9
2F,2,C,V,-0.0,-24.1,0.0,25.7,25.7
2F,2,D,V,0.0,-24.1,-0.0,25.7,25.7
2F,2,E,V,-0.0,-103.8,0.0,53.9,53.8
2F,2,F,V,0.0,-33.8,0.0,28.1,28.2
2F,3,A,V,0.0,-129.8,-175.0,71.7,-1.2
2F,3,B,V,-175.0,-70.6,251.7,1.2,111.7
2F,3,C,V,72.9,10.6,0.0,46.7,7.9
2F,3,D,V,0.0,10.6,72.9,7.9,46.7
2F,3,E,V,251.7,-70.6,-175.0,111.7,1.2
2F,3,F,V,-175.0,-129.8,0.0,-1.2,71.7
2F,4,A,V,0.0,-130.3,-176.0,72.0,-1.4
2F,4,B,V,-176.0,-72.5,248.9,1.4,111.5
2F,4,C,V,71.4,9.9,0.0,46.3,8.3
2F,4,D,V,0.0,9.9,71.4,8.3,46.3
2F,4,E,V,248.9,-72.5,-176.0,111.5,1.4
2F,4,F,V,-176.0,-130.3,0.0,-1.4,72.0
2F,5,A,V,0.0,-130.3,-176.0,72.0,-1.4
2F,5,B,V,-176.0,-72.5,248.9,1.4,111.5
2F,5,C,V,71.4,9.9,0.0,46.3,8.3
2F,5,D,V,0.0,9.9,71.4,8.3,46.3
2F,5,E,V,248.9,-72.5,-176.0,111.5,1.4
2F,5,F,V,-176.0,-130.3,0.0,-1.4,72.0
2F,6,A,V,0.0,-129.8,-175.0,71.7,-1.2
2F,6,B,V,-175.0,-70.6,251.7,1.2,111.7
2F,6,C,V,72.9,10.6,0.0,46.7,7.9
2F,6,D,V,0.0,10.6,72.9,7.9,46.7
2F,6,E,V,251.7,-70.6,-175.0,111.7,1.2
2F,6,F,V,-175.0,-129.8,0.0,-1.2,71.7
2F,7,A,V,0.0,-33.8,0.0,28.2,28.1
2F,7,B,V,0.0,-103.8,-0.0,53.8,53.9
2F,7,C,V,-0.0,-24.1,0.0,25.7,25.7
2F,7,D,V,0.0,-24.1,-0.0,25.7,25.7
2F,7,E,V,-0.0,-103.8,0.0,53.9,53.8
2F,7,F,V,0.0,-33.8,0.0,28.1,28.2
2F,8,B,V,53.1,-28.0,73.7,44.5,49.9
2F,8,C,V,164.9,-21.1,-163.8,110.5,-64.5
2F,8,D,V,-163.8,-21.1,164.9,-64.5,110.5
2F,8,E,V,73.7,-28.0,53.1,49.9,44.5
3F,1,B,V,64.4,-29.5,52.0,46.9,43.7
3F,1,C,V,144.7,-17.9,-138.9,97.5,-53.4
3F,1,D,V,-138.9,-17.9,144.7,-53.4,97.5
3F,1,E,V,52.0,-29.5,64.4,43.7,46.9
3F,2,A,V,-0.0,-32.4,0.0,27.0,26.9
3F,2,B,V,0.0,-97.0,-0.0,50.3,50.4
3F,2,C,V,-0.0,-22.5,0.0,24.0,24.0
3F,2,D,V,0.0,-22.5,-0.0,24.0,24.0
3F,2,E,V,-0.0,-97.0,0.0,50.4,50.3
3F,2,F,V,0.0,-32.4,-0.0,26.9,27.0
3F,3,A,V,0.0,-121.8,-164.1,67.3,-1.1
3F,3,B,V,-164.1,-66.2,236.1,1.1,104.8
3F,3,C,V,44.0,-2.2,0.0,37.3,13.9
3F,3,D,V,0.0,-2.2,44.0,13.9,37.3
3F,3,E,V,236.1,-66.2,-164.1,104.8,1.1
3F,3,F,V,-164.1,-121.8,0.0,-1.1,67.3
3F,4,A,V,0.0,-122.3,-165.2,67.5,-1.3
3F,4,B,V,-165.2,-68.1,233.3,1.3,104.5
3F,4,C,V,36.8,-5.8,0.0,35.4,15.8
3F,4,D,V,0.0,-5.8,36.8,15.8,35.4
3F,4,E,V,233.3,-68.1,-165.2,104.5,1.3
3F,4,F,V,-165.2,-122.3,0.0,-1.3,67.5
3F,5,A,V,0.0,-122.3,-165.2,67.5,-1.3
3F,5,B,V,-165.2,-68.1,233.3,1.3,104.5
3F,5,C,V,36.8,-5.8,0.0,35.4,15.8
3F,5,D,V,0.0,-5.8,36.8,15.8,35.4
3F,5,E,V,233.3,-68.1,-165.2,104.5,1.3
3F,5,F,V,-165.2,-122.3,0.0,-1.3,67.5
3F,6,A,V,0.0,-121.8,-164.1,67.3,-1.1
3F,6,B,V,-164.1,-66.2,236.1,1.1,104.8
3F,6,C,V,44.0,-2.2,0.0,37.3,13.9
3F,6,D,V,0.0,-2.2,44.0,13.9,37.3
3F,6,E,V,236.1,-66.2,-164.1,104.8,1.1
3F,6,F,V,-164.1,-121.8,0.0,-1.1,67.3
3F,7,A,V,-0.0,-32.4,0.0,27.0,26.9
3F,7,B,V,0.0,-97.0,-0.0,50.3,50.4
3F,7,C,V,-0.0,-22.5,0.0,24.0,24.0
3F,7,D,V,0.0,-22.5,-0.0,24.0,24.0
3F,7,E,V,-0.0,-97.0,0.0,50.4,50.3
3F,7,F,V,0.0,-32.4,-0.0,26.9,27.0
3F,8,B,V,64.4,-29.5,52.0,46.9,43.7
3F,8,C,V,144.7,-17.9,-138.9,97.5,-53.4
3F,8,D,V,-138.9,-17.9,144.7,-53.4,97.5
3F,8,E,V,52.0,-29.5,64.4,43.7,46.9
4F,1,B,V,72.1,-29.6,44.3,48.9,41.7
4F,1,C,V,143.3,-19.3,-140.3,97.5,-53.4
4F,1,D,V,-140.3,-19.3,143.3,-53.4,97.5
4F,1,E,V,44.3,-29.6,72.1,41.7,48.9
4F,2,A,V,-0.0,-32.4,0.0,27.0,26.9
4F,2,B,V,0.0,-97.0,-0.0,50.3,50.4
4F,2,C,V,-0.0,-22.5,0.0,24.0,24.0
4F,2,D,V,0.0,-22.5,-0.0,24.0,24.0
4F,2,E,V,-0.0,-97.0,0.0,50.4,50.3
4F,2,F,V,0.0,-32.4,-0.0,26.9,27.0
4F,3,A,V,0.0,-122.4,-165.4,67.6,-1.4
4F,3,B,V,-165.4,-68.5,232.7,1.4,104.5
4F,3,C,V,34.0,-7.2,0.0,34.6,16.6
4F,3,D,V,0.0,-7.2,34.0,16.6,34.6
4F,3,E,V,232.7,-68.5,-165.4,104.5,1.4
4F,3,F,V,-165.4,-122.4,0.0,-1.4,67.6
4F,4,A,V,0.0,-123.0,-166.6,67.8,-1.6
4F,4,B,V,-166.6,-70.7,229.6,1.6,104.2
4F,4,C,V,22.9,-12.7,0.0,31.7,19.5
4F,4,D,V,0.0,-12.7,22.9,19.5,31.7
4F,4,E,V,229.6,-70.7,-166.6,104.2,1.6
4F,4,F,V,-166.6,-123.0,0.0,-1.6,67.8
4F,5,A,V,0.0,-123.0,-166.6,67.8,-1.6
4F,5,B,V,-166.6,-70.7,229.6,1.6,104.2
4F,5,C,V,22.9,-12.7,0.0,31.7,19.5
4F,5,D,V,0.0,-12.7,22.9,19.5,31.7
4F,5,E,V,229.6,-70.7,-166.6,104.2,1.6
4F,5,F,V,-166.6,-123.0,0.0,-1.6,67.8
4F,6,A,V,0.0,-122.4,-165.4,67.6,-1.4
4F,6,B,V,-165.4,-68.5,232.7,1.4,104.5
4F,6,C,V,34.0,-7.2,0.0,34.6,16.6
4F,6,D,V,0.0,-7.2,34.0,16.6,34.6
4F,6,E,V,232.7,-68.5,-165.4,104.5,1.4
4F,6,F,V,-165.4,-122.4,0.0,-1.4,67.6
4F,7,A,V,-0.0,-32.4,0.0,27.0,26.9
4F,7,B,V,0.0,-97.0,-0.0,50.3,50.4
4F,7,C,V,-0.0,-22.5,0.0,24.0,24.0
4F,7,D,V,0.0,-22.5,-0.0,24.0,24.0
4F,7,E,V,-0.0,-97.0,0.0,50.4,50.3
4F,7,F,V,0.0,-32.4,-0.0,26.9,27.0
4F,8,B,V,72.1,-29.6,44.3,48.9,41.7
4F,8,C,V,143.3,-19.3,-140.3,97.5,-53.4
4F,8,D,V,-140.3,-19.3,143.3,-53.4,97.5
4F,8,E,V,44.3,-29.6,72.1,41.7,48.9
5F,1,B,V,82.4,-29.0,35.1,51.5,39.2
5F,1,C,V,143.3,-19.3,-140.3,97.5,-53.4
5F,1,D,V,-140.3,-19.3,143.3,-53.4,97.5
5F,1,E,V,35.1,-29.0,82.4,39.2,51.5
5F,2,A,V,-0.0,-32.4,0.0,27.0,26.9
5F,2,B,V,0.0,-97.0,-0.0,50.3,50.4
5F,2,C,V,-0.0,-22.5,0.0,24.0,24.0
5F,2,D,V,0.0,-22.5,-0.0,24.0,24.0
5F,2,E,V,-0.0,-97.0,0.0,50.4,50.3
5F,2,F,V,0.0,-32.4,-0.0,26.9,27.0
5F,3,A,V,0.0,-122.4,-165.4,67.6,-1.4
5F,3,B,V,-165.4,-68.6,232.7,1.4,104.5
5F,3,C,V,19.3,-14.6,0.0,30.7,20.5
5F,3,D,V,0.0,-14.6,19.3,20.5,30.7
5F,3,E,V,232.7,-68.6,-165.4,104.5,1.4
5F,3,F,V,-165.4,-122.4,0.0,-1.4,67.6
5F,4,A,V,0.0,-123.0,-166.6,67.8,-1.6
5F,4,B,V,-166.6,-70.6,229.7,1.6,104.2
5F,4,C,V,6.4,-21.0,0.0,27.2,24.0
5F,4,D,V,0.0,-21.0,6.4,24.0,27.2
5F,4,E,V,229.7,-70.6,-166.6,104.2,1.6
5F,4,F,V,-166.6,-123.0,0.0,-1.6,67.8
5F,5,A,V,0.0,-123.0,-166.6,67.8,-1.6
5F,5,B,V,-166.6,-70.6,229.7,1.6,104.2
5F,5,C,V,6.4,-21.0,0.0,27.2,24.0
5F,5,D,V,0.0,-21.0,6.4,24.0,27.2
5F,5,E,V,229.7,-70.6,-166.6,104.2,1.6
5F,5,F,V,-166.6,-123.0,0.0,-1.6,67.8
5F,6,A,V,0.0,-122.4,-165.4,67.6,-1.4
5F,6,B,V,-165.4,-68.6,232.7,1.4,104.5
5F,6,C,V,19.3,-14.6,0.0,30.7,20.5
5F,6,D,V,0.0,-14.6,19.3,20.5,30.7
5F,6,E,V,232.7,-68.6,-165.4,104.5,1.4
5F,6,F,V,-165.4,-122.4,0.0,-1.4,67.6
5F,7,A,V,-0.0,-32.4,0.0,27.0,26.9
5F,7,B,V,0.0,-97.0,-0.0,50.3,50.4
5F,7,C,V,-0.0,-22.5,0.0,24.0,24.0
5F,7,D,V,0.0,-22.5,-0.0,24.0,24.0
5F,7,E,V,-0.0,-97.0,0.0,50.4,50.3
5F,7,F,V,0.0,-32.4,-0.0,26.9,27.0
5F,8,B,V,82.4,-29.0,35.1,51.5,39.2
5F,8,C,V,143.3,-19.3,-140.3,97.5,-53.4
5F,8,D,V,-140.3,-19.3,143.3,-53.4,97.5
5F,8,E,V,35.1,-29.0,82.4,39.2,51.5
RF,1,B,V,68.9,-45.8,85.5,61.5,65.7
RF,1,C,V,158.1,-29.6,-158.9,115.4,-53.4
RF,1,D,V,-158.9,-29.6,158.1,-53.4,115.4
RF,1,E,V,85.5,-45.8,68.9,65.7,61.5
RF,2,A,V,-0.0,-46.1,0.0,38.4,38.3
RF,2,B,V,0.0,-97.0,-0.0,50.3,50.4
RF,2,C,V,-0.0,-22.5,0.0,24.0,24.0
RF,2,D,V,0.0,-22.5,-0.0,24.0,24.0
RF,2,E,V,-0.0,-97.0,0.0,50.4,50.3
RF,2,F,V,0.0,-46.1,-0.0,38.3,38.4
RF,3,A,V,0.0,-126.4,-173.3,69.2,-3.0
RF,3,B,V,-173.3,-82.7,212.2,3.0,102.8
RF,3,C,V,64.2,7.9,0.0,42.7,8.6
RF,3,D,V,0.0,7.9,64.2,8.6,42.7
RF,3,E,V,212.2,-82.7,-173.3,102.8,3.0
RF,3,F,V,-173.3,-126.4,0.0,-3.0,69.2
RF,4,A,V,0.0,-127.3,-175.2,69.6,-3.4
RF,4,B,V,-175.2,-86.2,207.2,3.4,102.4
RF,4,C,V,55.6,3.6,0.0,40.4,10.8
RF,4,D,V,0.0,3.6,55.6,10.8,40.4
RF,4,E,V,207.2,-86.2,-175.2,102.4,3.4
RF,4,F,V,-175.2,-127.3,0.0,-3.4,69.6
RF,5,A,V,0.0,-127.3,-175.2,69.6,-3.4
RF,5,B,V,-175.2,-86.2,207.2,3.4,102.4
RF,5,C,V,55.6,3.6,0.0,40.4,10.8
RF,5,D,V,0.0,3.6,55.6,10.8,40.4
RF,5,E,V,207.2,-86.2,-175.2,102.4,3.4
RF,5,F,V,-175.2,-127.3,0.0,-3.4,69.6
RF,6,A,V,0.0,-126.4,-173.3,69.2,-3.0
RF,6,B,V,-173.3,-82.7,212.2,3.0,102.8
RF,6,C,V,64.2,7.9,0.0,42.7,8.6
RF,6,D,V,0.0,7.9,64.2,8.6,42.7
RF,6,E,V,212.2,-82.7,-173.3,102.8,3.0
RF,6,F,V,-173.3,-126.4,0.0,-3.0,69.2
RF,7,A,V,-0.0,-46.1,0.0,38.4,38.3
RF,7,B,V,0.0,-97.0,-0.0,50.3,50.4
RF,7,C,V,-0.0,-22.5,0.0,24.0,24.0
RF,7,D,V,0.0,-22.5,-0.0,24.0,24.0
RF,7,E,V,-0.0,-97.0,0.0,50.4,50.3
RF,7,F,V,0.0,-46.1,-0.0,38.3,38.4
RF,8,B,V,68.9,-45.8,85.5,61.5,65.7
RF,8,C,V,158.1,-29.6,-158.9,115.4,-53.4
RF,8,D,V,-158.9,-29.6,158.1,-53.4,115.4
RF,8,E,V,85.5,-45.8,68.9,65.7,61.5
1F,A,2,EXL,-186.5,28.2,242.9,-56.5,56.5
1F,A,3,EXL,-280.6,-6.1,268.4,-72.2,72.2
1F,A,4,EXL,-258.0,-0.0,258.0,-67.9,67.9
1F,A,5,EXL,-268.4,6.1,280.6,-72.2,72.2
1F,A,6,EXL,-242.9,-28.2,186.5,-56.5,56.5
1F,B,1,EXL,-41.1,3.4,47.9,-17.8,17.8
1F,B,7,EXL,-47.9,-3.4,41.1,-17.8,17.8
1F,C,3,EXL,-69.6,-14.2,41.1,-14.6,14.6
1F,C,5,EXL,-41.1,14.2,69.6,-14.6,14.6
1F,E,3,EXL,-69.6,-14.2,41.1,-14.6,14.6
1F,E,5,EXL,-41.1,14.2,69.6,-14.6,14.6
1F,F,1,EXL,-41.1,3.4,47.9,-17.8,17.8
1F,F,7,EXL,-47.9,-3.4,41.1,-17.8,17.8
1F,G,2,EXL,-186.5,28.2,242.9,-56.5,56.5
1F,G,3,EXL,-280.6,-6.1,268.4,-72.2,72.2
1F,G,4,EXL,-258.0,-0.0,258.0,-67.9,67.9
1F,G,5,EXL,-268.4,6.1,280.6,-72.2,72.2
1F,G,6,EXL,-242.9,-28.2,186.5,-56.5,56.5
2F,A,2,EXL,-170.2,11.8,193.9,-47.9,47.9
2F,A,3,EXL,-194.5,-97.3,0.0,-51.2,51.2
2F,A,3A,EXL,0.0,97.3,194.6,-51.2,51.2
2F,A,4,EXL,-195.2,-97.6,0.0,-51.4,51.4
2F,A,4A,EXL,0.0,97.6,195.2,-51.4,51.4
2F,A,5,EXL,-194.4,-97.2,-0.0,-51.2,51.2
2F,A,5A,EXL,-0.0,97.2,194.4,-51.2,51.2
2F,A,6,EXL,-193.8,-11.8,170.2,-47.9,47.9
2F,B,1,EXL,-0.0,-0.0,0.0,-0.0,0.0
2F,B,7,EXL,-0.0,0.0,0.0,-0.0,0.0
2F,C,1,EXL,-0.0,-0.0,0.0,-0.0,0.0
2F,C,2,EXL,0.0,0.0,0.0,-0.0,0.0
2F,C,3,EXL,-0.0,-0.0,0.0,-0.0,0.0
2F,C,3A,EXL,0.0,0.0,0.0,-0.0,0.0
2F,C,4,EXL,-0.0,-0.0,-0.0,-0.0,0.0
2F,C,4A,EXL,0.0,0.0,0.0,-0.0,0.0
2F,C,5,EXL,-0.0,-0.0,-0.0,-0.0,0.0
2F,C,5A,EXL,-0.0,0.0,0.0,-0.0,0.0
2F,C,6,EXL,-0.0,-0.0,-0.0,-0.0,0.0
2F,C,7,EXL,-0.0,0.0,0.0,-0.0,0.0
2F,D,1,EXL,-0.0,0.0,0.0,-0.0,0.0
2F,D,2,EXL,0.0,0.0,0.0,-0.0,0.0
2F,D,3,EXL,-0.0,-7.3,-14.6,3.8,-3.8
2F,D,3A,EXL,-14.6,-7.3,0.0,-3.8,3.8
2F,D,4,EXL,-0.0,11.2,22.4,-5.9,5.9
2F,D,4A,EXL,22.4,11.2,0.0,5.9,-5.9
2F,D,5,EXL,-0.0,9.4,18.8,-4.9,4.9
2F,D,5A,EXL,18.8,9.4,0.0,4.9,-4.9
2F,D,6,EXL,-0.0,-0.0,-0.0,-0.0,0.0
2F,D,7,EXL,-0.0,-0.0,0.0,-0.0,0.0
2F,E,1,EXL,-0.0,-0.0,0.0,-0.0,0.0
2F,E,2,EXL,0.0,0.0,0.0,-0.0,0.0
2F,E,3,EXL,-0.0,-0.0,0.0,-0.0,0.0
2F,E,3A,EXL,0.0,0.0,0.0,-0.0,0.0
2F,E,4,EXL,-0.0,-0.0,0.0,-0.0,0.0
2F,E,4A,EXL,-0.0,0.0,0.0,-0.0,0.0
2F,E,5,EXL,-0.0,-0.0,-0.0,-0.0,0.0
2F,E,5A,EXL,-0.0,0.0,0.0,-0.0,0.0
2F,E,6,EXL,-0.0,-0.0,-0.0,-0.0,0.0
2F,E,7,EXL,-0.0,0.0,0.0,-0.0,0.0
2F,F,1,EXL,-0.0,-0.0,0.0,-0.0,0.0
2F,F,7,EXL,-0.0,0.0,0.0,-0.0,0.0
2F,G,2,EXL,-170.2,11.8,193.9,-47.9,47.9
2F,G,3,EXL,-194.5,-97.3,0.0,-51.2,51.2
2F,G,3A,EXL,0.0,97.3,194.6,-51.2,51.2
2F,G,4,EXL,-195.2,-97.6,0.0,-51.4,51.4
2F,G,4A,EXL,0.0,97.6,195.2,-51.4,51.4
2F,G,5,EXL,-194.4,-97.2,-0.0,-51.2,51.2
2F,G,5A,EXL,-0.0,97.2,194.4,-51.2,51.2
2F,G,6,EXL,-193.8,-11.8,170.2,-47.9,47.9
3F,A,2,EXL,-175.9,12.1,200.2,-49.5,49.5
3F,A,3,EXL,-205.6,-102.9,-0.3,-54.0,54.0
3F,A,3A,EXL,-0.3,102.3,204.9,-54.0,54.0
3F,A,4,EXL,-205.2,-102.6,0.0,-54.0,54.0
3F,A,4A,EXL,0.0,102.6,205.3,-54.0,54.0
3F,A,5,EXL,-204.6,-102.1,0.3,-53.9,53.9
3F,A,5A,EXL,0.3,102.8,205.3,-53.9,53.9
3F,A,6,EXL,-200.2,-12.1,175.9,-49.5,49.5
3F,B,1,EXL,-0.0,0.0,0.0,-0.0,0.0
3F,B,7,EXL,-0.0,-0.0,0.0,-0.0,0.0
3F,C,1,EXL,-0.0,-0.0,-0.0,-0.0,0.0
3F,C,2,EXL,-0.0,0.0,0.0,-0.0,0.0
3F,C,3,EXL,-0.0,-0.0,-0.0,-0.0,0.0
3F,C,3A,EXL,-0.0,0.0,0.0,-0.0,0.0
3F,C,4,EXL,-0.0,-0.0,0.0,-0.0,0.0
3F,C,4A,EXL,-0.0,0.0,0.0,-0.0,0.0
3F,C,5,EXL,-0.0,-0.0,0.0,-0.0,0.0
3F,C,5A,EXL,0.0,0.0,0.0,-0.0,0.0
3F,C,6,EXL,-0.0,-0.0,0.0,-0.0,0.0
3F,C,7,EXL,0.0,0.0,0.0,-0.0,0.0
3F,D,1,EXL,-0.0,0.0,0.0,-0.0,0.0
3F,D,2,EXL,0.0,0.0,0.0,-0.0,0.0
3F,D,3,EXL,-0.0,-0.0,-0.0,-0.0,0.0
3F,D,3A,EXL,-0.0,0.0,0.0,-0.0,0.0
3F,D,4,EXL,-0.0,-0.0,0.0,-0.0,0.0
3F,D,4A,EXL,-0.0,0.0,0.0,-0.0,0.0
3F,D,5,EXL,-0.0,-0.0,-0.0,-0.0,0.0
3F,D,5A,EXL,-0.0,0.0,0.0,-0.0,0.0
3F,D,6,EXL,-0.0,-0.0,-0.0,-0.0,0.0
3F,D,7,EXL,-0.0,-0.0,0.0,-0.0,0.0
3F,E,1,EXL,-0.0,-0.0,-0.0,-0.0,0.0
3F,E,2,EXL,-0.0,0.0,0.0,-0.0,0.0
3F,E,3,EXL,-0.0,-0.0,-0.0,-0.0,0.0
3F,E,3A,EXL,-0.0,0.0,0.0,-0.0,0.0
3F,E,4,EXL,-0.0,-0.0,0.0,-0.0,0.0
3F,E,4A,EXL,0.0,0.0,0.0,-0.0,0.0
3F,E,5,EXL,-0.0,-0.0,0.0,-0.0,0.0
3F,E,5A,EXL,0.0,0.0,0.0,-0.0,0.0
3F,E,6,EXL,-0.0,-0.0,0.0,-0.0,0.0
3F,E,7,EXL,0.0,0.0,0.0,-0.0,0.0
3F,F,1,EXL,-0.0,0.0,0.0,-0.0,0.0
3F,F,7,EXL,-0.0,-0.0,0.0,-0.0,0.0
3F,G,2,EXL,-175.9,12.1,200.2,-49.5,49.5
3F,G,3,EXL,-205.6,-102.9,-0.3,-54.0,54.0
3F,G,3A,EXL,-0.3,102.3,204.9,-54.0,54.0
3F,G,4,EXL,-205.2,-102.6,0.0,-54.0,54.0
3F,G,4A,EXL,0.0,102.6,205.3,-54.0,54.0
3F,G,5,EXL,-204.6,-102.1,0.3,-53.9,53.9
3F,G,5A,EXL,0.3,102.8,205.3,-53.9,53.9
3F,G,6,EXL,-200.2,-12.1,175.9,-49.5,49.5
4F,A,2,EXL,-174.3,11.3,196.8,-48.8,48.8
4F,A,3,EXL,-204.7,-102.6,-0.5,-53.7,53.7
4F,A,3A,EXL,-0.5,101.6,203.8,-53.7,53.7
4F,A,4,EXL,-204.2,-102.1,0.0,-53.7,53.7
4F,A,4A,EXL,0.0,102.1,204.2,-53.7,53.7
4F,A,5,EXL,-203.4,-101.4,0.5,-53.6,53.6
4F,A,5A,EXL,0.5,102.4,204.3,-53.6,53.6
4F,A,6,EXL,-196.7,-11.3,174.2,-48.8,48.8
4F,B,1,EXL,-0.0,-0.0,0.0,-0.0,0.0
4F,B,7,EXL,-0.0,0.0,0.0,-0.0,0.0
4F,C,1,EXL,-0.0,-0.0,-0.0,-0.0,0.0
4F,C,2,EXL,-0.0,0.0,0.0,-0.0,0.0
4F,C,3,EXL,-0.0,-0.0,0.0,-0.0,0.0
4F,C,3A,EXL,-0.0,0.0,0.0,-0.0,0.0
4F,C,4,EXL,-0.0,-0.0,-0.0,-0.0,0.0
4F,C,4A,EXL,-0.0,0.0,0.0,-0.0,0.0
4F,C,5,EXL,-0.0,-0.0,-0.0,-0.0,0.0
4F,C,5A,EXL,-0.0,0.0,0.0,-0.0,0.0
4F,C,6,EXL,-0.0,-0.0,-0.0,-0.0,0.0
4F,C,7,EXL,-0.0,0.0,0.0,-0.0,0.0
4F,D,1,EXL,-0.0,0.0,0.0,-0.0,0.0
4F,D,2,EXL,0.0,0.0,0.0,-0.0,0.0
4F,D,3,EXL,-0.0,-58.7,-117.3,30.9,-30.9
4F,D,3A,EXL,-117.3,-58.7,0.0,-30.9,30.9
4F,D,4,EXL,-0.0,-71.7,-143.4,37.7,-37.7
4F,D,4A,EXL,-143.4,-71.7,0.0,-37.7,37.7
4F,D,5,EXL,-0.0,-70.7,-141.4,37.2,-37.2
4F,D,5A,EXL,-141.4,-70.7,0.0,-37.2,37.2
4F,D,6,EXL,-0.0,-0.0,-0.0,-0.0,0.0
4F,D,7,EXL,-0.0,-0.0,0.0,-0.0,0.0
4F,E,1,EXL,-0.0,-0.0,-0.0,-0.0,0.0
4F,E,2,EXL,-0.0,0.0,0.0,-0.0,0.0
4F,E,3,EXL,-0.0,-0.0,-0.0,-0.0,0.0
4F,E,3A,EXL,0.0,0.0,0.0,-0.0,0.0
4F,E,4,EXL,-0.0,-0.0,0.0,-0.0,0.0
4F,E,4A,EXL,-0.0,0.0,0.0,-0.0,0.0
4F,E,5,EXL,-0.0,-0.0,-0.0,-0.0,0.0
4F,E,5A,EXL,-0.0,0.0,0.0,-0.0,0.0
4F,E,6,EXL,-0.0,-0.0,-0.0,-0.0,0.0
4F,E,7,EXL,-0.0,0.0,0.0,-0.0,0.0
4F,F,1,EXL,-0.0,-0.0,0.0,-0.0,0.0
4F,F,7,EXL,-0.0,0.0,0.0,-0.0,0.0
4F,G,2,EXL,-174.3,11.3,196.8,-48.8,48.8
4F,G,3,EXL,-204.7,-102.6,-0.5,-53.7,53.7
4F,G,3A,EXL,-0.5,101.6,203.8,-53.7,53.7
4F,G,4,EXL,-204.2,-102.1,0.0,-53.7,53.7
4F,G,4A,EXL,0.0,102.1,204.2,-53.7,53.7
4F,G,5,EXL,-203.4,-101.4,0.5,-53.6,53.6
4F,G,5A,EXL,0.5,102.4,204.3,-53.6,53.6
4F,G,6,EXL,-196.7,-11.3,174.2,-48.8,48.8
5F,A,2,EXL,-236.7,15.8,268.3,-66.5,66.5
5F,A,3,EXL,-277.4,-138.9,-0.4,-72.9,72.9
5F,A,3A,EXL,-0.4,138.1,276.6,-72.9,72.9
5F,A,4,EXL,-277.5,-138.7,0.0,-73.0,73.0
5F,A,4A,EXL,0.0,138.8,277.6,-73.0,73.0
5F,A,5,EXL,-276.1,-137.9,0.4,-72.8,72.8
5F,A,5A,EXL,0.4,138.6,276.9,-72.8,72.8
5F,A,6,EXL,-268.2,-15.8,236.6,-66.4,66.4
5F,B,1,EXL,-0.0,0.0,0.0,-0.0,0.0
5F,B,7,EXL,-0.0,-0.0,0.0,-0.0,0.0
5F,C,1,EXL,-0.0,-0.0,-0.0,-0.0,0.0
5F,C,2,EXL,-0.0,0.0,0.0,-0.0,0.0
5F,C,3,EXL,-0.0,-0.0,-0.0,-0.0,0.0
5F,C,3A,EXL,-0.0,0.0,0.0,-0.0,0.0
5F,C,4,EXL,-0.0,-0.0,0.0,-0.0,0.0
5F,C,4A,EXL,0.0,0.0,0.0,-0.0,0.0
5F,C,5,EXL,-0.0,-0.0,0.0,-0.0,0.0
5F,C,5A,EXL,0.0,0.0,0.0,-0.0,0.0
5F,C,6,EXL,-0.0,-0.0,0.0,-0.0,0.0
5F,C,7,EXL,-0.0,0.0,0.0,-0.0,0.0
5F,D,1,EXL,-0.0,0.0,0.0,-0.0,0.0
5F,D,2,EXL,0.0,0.0,0.0,-0.0,0.0
5F,D,3,EXL,-0.0,-0.0,-0.0,-0.0,0.0
5F,D,3A,EXL,0.0,0.0,0.0,-0.0,0.0
5F,D,4,EXL,-0.0,-0.0,0.0,-0.0,0.0
5F,D,4A,EXL,-0.0,0.0,0.0,-0.0,0.0
5F,D,5,EXL,-0.0,-0.0,-0.0,-0.0,0.0
5F,D,5A,EXL,-0.0,0.0,0.0,-0.0,0.0
5F,D,6,EXL,-0.0,-0.0,-0.0,-0.0,0.0
5F,D,7,EXL,-0.0,-0.0,0.0,-0.0,0.0
5F,E,1,EXL,-0.0,-0.0,-0.0,-0.0,0.0
5F,E,2,EXL,-0.0,0.0,0.0,-0.0,0.0
5F,E,3,EXL,-0.0,-0.0,-0.0,-0.0,0.0
5F,E,3A,EXL,-0.0,0.0,0.0,-0.0,0.0
5F,E,4,EXL,-0.0,-0.0,0.0,-0.0,0.0
5F,E,4A,EXL,-0.0,0.0,0.0,-0.0,0.0
5F,E,5,EXL,-0.0,-0.0,0.0,-0.0,0.0
5F,E,5A,EXL,0.0,0.0,0.0,-0.0,0.0
5F,E,6,EXL,-0.0,-0.0,0.0,-0.0,0.0
5F,E,7,EXL,-0.0,0.0,0.0,-0.0,0.0
5F,F,1,EXL,-0.0,0.0,0.0,-0.0,0.0
5F,F,7,EXL,-0.0,-0.0,0.0,-0.0,0.0
5F,G,2,EXL,-236.7,15.8,268.3,-66.5,66.5
5F,G,3,EXL,-277.4,-138.9,-0.4,-72.9,72.9
5F,G,3A,EXL,-0.4,138.1,276.6,-72.9,72.9
5F,G,4,EXL,-277.5,-138.7,0.0,-73.0,73.0
5F,G,4A,EXL,0.0,138.8,277.6,-73.0,73.0
5F,G,5,EXL,-276.1,-137.9,0.4,-72.8,72.8
5F,G,5A,EXL,0.4,138.6,276.9,-72.8,72.8
5F,G,6,EXL,-268.2,-15.8,236.6,-66.4,66.4
RF,A,2,EXL,-184.1,19.8,223.7,-53.7,53.7
RF,A,3,EXL,-242.6,-122.2,-1.8,-63.4,63.4
RF,A,3A,EXL,-1.8,118.6,239.0,-63.4,63.4
RF,A,4,EXL,-237.6,-118.8,0.1,-62.5,62.5
RF,A,4A,EXL,0.1,118.9,237.7,-62.5,62.5
RF,A,5,EXL,-238.6,-118.4,1.8,-63.3,63.3
RF,A,5A,EXL,1.8,122.0,242.2,-63.3,63.3
RF,A,6,EXL,-223.7,-19.8,184.0,-53.6,53.6
RF,B,1,EXL,-0.0,-0.0,0.0,-0.0,0.0
RF,B,7,EXL,-0.0,0.0,0.0,-0.0,0.0
RF,C,1,EXL,-0.0,-0.0,-0.0,-0.0,0.0
RF,C,2,EXL,-0.0,0.0,0.0,-0.0,0.0
RF,C,3,EXL,-0.0,-0.0,0.0,-0.0,0.0
RF,C,3A,EXL,0.0,0.0,0.0,-0.0,0.0
RF,C,4,EXL,-0.0,-0.0,0.0,-0.0,0.0
RF,C,4A,EXL,0.0,0.0,0.0,-0.0,0.0
RF,C,5,EXL,-0.0,-0.0,0.0,-0.0,0.0
RF,C,5A,EXL,-0.0,0.0,0.0,-0.0,0.0
RF,C,6,EXL,-0.0,-0.0,0.0,-0.0,0.0
RF,C,7,EXL,0.0,0.0,0.0,-0.0,0.0
RF,D,1,EXL,-0.0,0.0,0.0,-0.0,0.0
RF,D,2,EXL,0.0,0.0,0.0,-0.0,0.0
RF,D,3,EXL,-0.0,-0.0,0.0,-0.0,0.0
RF,D,3A,EXL,0.0,0.0,0.0,-0.0,0.0
RF,D,4,EXL,-0.0,-0.0,0.0,-0.0,0.0
RF,D,4A,EXL,-0.0,0.0,0.0,-0.0,0.0
RF,D,5,EXL,-0.0,-0.0,-0.0,-0.0,0.0
RF,D,5A,EXL,-0.0,0.0,0.0,-0.0,0.0
RF,D,6,EXL,-0.0,-0.0,-0.0,-0.0,0.0
RF,D,7,EXL,-0.0,-0.0,0.0,-0.0,0.0
RF,E,1,EXL,-0.0,-0.0,-0.0,-0.0,0.0
RF,E,2,EXL,-0.0,0.0,0.0,-0.0,0.0
RF,E,3,EXL,-0.0,-0.0,0.0,-0.0,0.0
RF,E,3A,EXL,0.0,0.0,0.0,-0.0,0.0
RF,E,4,EXL,-0.0,-0.0,0.0,-0.0,0.0
RF,E,4A,EXL,-0.0,0.0,0.0,-0.0,0.0
RF,E,5,EXL,-0.0,-0.0,-0.0,-0.0,0.0
RF,E,5A,EXL,-0.0,0.0,0.0,-0.0,0.0
RF,E,6,EXL,-0.0,-0.0,0.0,-0.0,0.0
RF,E,7,EXL,0.0,0.0,0.0,-0.0,0.0
RF,F,1,EXL,-0.0,-0.0,0.0,-0.0,0.0
RF,F,7,EXL,-0.0,0.0,0.0,-0.0,0.0
RF,G,2,EXL,-184.1,19.8,223.7,-53.7,53.7
RF,G,3,EXL,-242.6,-122.2,-1.8,-63.4,63.4
RF,G,3A,EXL,-1.8,118.6,239.0,-63.4,63.4
RF,G,4,EXL,-237.6,-118.8,0.1,-62.5,62.5
RF,G,4A,EXL,0.1,118.9,237.7,-62.5,62.5
RF,G,5,EXL,-238.6,-118.4,1.8,-63.3,63.3
RF,G,5A,EXL,1.8,122.0,242.2,-63.3,63.3
RF,G,6,EXL,-223.7,-19.8,184.0,-53.6,53.6
1F,1,B,EXL,0.0,0.0,-0.0,0.0,-0.0
1F,1,C,EXL,-0.0,0.0,0.0,-0.0,0.0
1F,1,D,EXL,0.0,0.0,0.0,-0.0,0.0
1F,1,E,EXL,-0.0,0.0,0.0,-0.0,0.0
1F,2,A,EXL,0.0,0.0,-0.0,0.0,-0.0
1F,2,F,EXL,-0.0,0.0,0.0,-0.0,0.0
1F,3,C,EXL,-5.9,-1.9,2.0,-2.1,2.1
1F,3,D,EXL,2.0,-1.9,-5.9,2.1,-2.1
1F,4,C,EXL,12.5,4.1,-4.4,4.5,-4.5
1F,4,D,EXL,-4.4,4.1,12.5,-4.5,4.5
1F,5,C,EXL,14.1,4.6,-4.9,5.1,-5.1
1F,5,D,EXL,-4.9,4.6,14.1,-5.1,5.1
1F,6,C,EXL,16.1,5.3,-5.6,5.8,-5.8
1F,6,D,EXL,-5.6,5.3,16.1,-5.8,5.8
1F,7,A,EXL,-0.0,-0.0,0.0,-0.0,0.0
1F,7,F,EXL,0.0,-0.0,-0.0,0.0,-0.0
1F,8,B,EXL,-0.0,-0.0,0.0,-0.0,0.0
1F,8,C,EXL,0.0,-0.0,-0.0,0.0,-0.0
1F,8,D,EXL,-0.0,-0.0,-0.0,0.0,-0.0
1F,8,E,EXL,0.0,-0.0,-0.0,0.0,-0.0
2F,1,B,EXL,0.0,-0.0,-0.0,0.0,-0.0
2F,1,C,EXL,-0.0,-0.0,-0.0,-0.0,0.0
2F,1,D,EXL,-0.0,-0.0,-0.0,0.0,-0.0
2F,1,E,EXL,-0.0,-0.0,0.0,-0.0,0.0
2F,2,A,EXL,0.0,-0.0,-0.0,0.0,-0.0
2F,2,B,EXL,-0.0,-0.0,-0.0,0.0,-0.0
2F,2,C,EXL,-0.0,0.0,0.0,-0.0,0.0
2F,2,D,EXL,0.0,0.0,-0.0,0.0,-0.0
2F,2,E,EXL,-0.0,-0.0,-0.0,-0.0,0.0
2F,2,F,EXL,-0.0,-0.0,0.0,-0.0,0.0
2F,3,A,EXL,0.0,-0.6,-1.1,0.2,-0.2
2F,3,B,EXL,-1.1,-2.0,-3.0,0.2,-0.2
2F,3,C,EXL,-26.8,-13.4,0.0,-7.2,7.2
2F,3,D,EXL,0.0,-13.4,-26.8,7.2,-7.2
2F,3,E,EXL,-3.0,-2.0,-1.1,-0.2,0.2
2F,3,F,EXL,-1.1,-0.6,0.0,-0.2,0.2
2F,4,A,EXL,-0.0,1.4,2.8,-0.6,0.6
2F,4,B,EXL,2.8,5.0,7.2,-0.6,0.6
2F,4,C,EXL,54.8,27.4,-0.0,14.6,-14.6
2F,4,D,EXL,-0.0,27.4,54.8,-14.6,14.6
2F,4,E,EXL,7.2,5.0,2.8,0.6,-0.6
2F,4,F,EXL,2.8,1.4,-0.0,0.6,-0.6
2F,5,A,EXL,-0.0,1.5,3.1,-0.6,0.6
2F,5,B,EXL,3.1,5.6,8.1,-0.6,0.6
2F,5,C,EXL,61.7,30.8,-0.0,16.4,-16.4
2F,5,D,EXL,-0.0,30.8,61.7,-16.4,16.4
2F,5,E,EXL,8.1,5.6,3.1,0.6,-0.6
2F,5,F,EXL,3.1,1.5,-0.0,0.6,-0.6
2F,6,A,EXL,-0.0,1.4,2.8,-0.6,0.6
2F,6,B,EXL,2.8,5.0,7.2,-0.6,0.6
2F,6,C,EXL,72.2,36.1,-0.0,19.3,-19.3
2F,6,D,EXL,-0.0,36.1,72.2,-19.3,19.3
2F,6,E,EXL,7.2,5.0,2.8,0.6,-0.6
2F,6,F,EXL,2.8,1.4,-0.0,0.6,-0.6
2F,7,A,EXL,-0.0,0.0,0.0,-0.0,0.0
2F,7,B,EXL,0.0,0.0,0.0,-0.0,0.0
2F,7,C,EXL,0.0,-0.0,-0.0,0.0,-0.0
2F,7,D,EXL,-0.0,-0.0,0.0,-0.0,0.0
2F,7,E,EXL,0.0,0.0,0.0,0.0,-0.0
2F,7,F,EXL,0.0,0.0,-0.0,0.0,-0.0
2F,8,B,EXL,-0.0,0.0,0.0,-0.0,0.0
2F,8,C,EXL,0.0,0.0,0.0,-0.0,0.0
2F,8,D,EXL,0.0,0.0,0.0,0.0,-0.0
2F,8,E,EXL,0.0,0.0,-0.0,0.0,-0.0
3F,1,B,EXL,0.0,-0.0,-0.0,0.0,-0.0
3F,1,C,EXL,-0.0,-0.0,0.0,-0.0,0.0
3F,1,D,EXL,0.0,0.0,-0.0,0.0,-0.0
3F,1,E,EXL,-0.0,-0.0,0.0,-0.0,0.0
3F,2,A,EXL,0.0,-0.0,-0.0,0.0,-0.0
3F,2,B,EXL,-0.0,-0.0,-0.0,0.0,-0.0
3F,2,C,EXL,-0.0,0.0,0.0,-0.0,0.0
3F,2,D,EXL,0.0,0.0,-0.0,0.0,-0.0
3F,2,E,EXL,-0.0,-0.0,-0.0,-0.0,0.0
3F,2,F,EXL,-0.0,-0.0,0.0,-0.0,0.0
3F,3,A,EXL,0.0,-1.1,-2.3,0.5,-0.5
3F,3,B,EXL,-2.3,-4.1,-5.9,0.5,-0.5
3F,3,C,EXL,-48.2,-24.1,0.0,-12.9,12.9
3F,3,D,EXL,0.0,-24.1,-48.2,12.9,-12.9
3F,3,E,EXL,-5.9,-4.1,-2.3,-0.5,0.5
3F,3,F,EXL,-2.3,-1.1,0.0,-0.5,0.5
3F,4,A,EXL,-0.0,2.5,5.1,-1.1,1.1
3F,4,B,EXL,5.1,9.2,13.2,-1.1,1.1
3F,4,C,EXL,100.8,50.4,-0.0,26.9,-26.9
3F,4,D,EXL,-0.0,50.4,100.8,-26.9,26.9
3F,4,E,EXL,13.2,9.2,5.1,1.1,-1.1
3F,4,F,EXL,5.1,2.5,-0.0,1.1,-1.1
3F,5,A,EXL,-0.0,2.8,5.7,-1.2,1.2
3F,5,B,EXL,5.7,10.2,14.7,-1.2,1.2
3F,5,C,EXL,114.1,57.0,-0.0,30.4,-30.4
3F,5,D,EXL,-0.0,57.0,114.1,-30.4,30.4
3F,5,E,EXL,14.7,10.2,5.7,1.2,-1.2
3F,5,F,EXL,5.7,2.8,-0.0,1.2,-1.2
3F,6,A,EXL,-0.0,2.7,5.3,-1.1,1.1
3F,6,B,EXL,5.3,9.6,13.9,-1.1,1.1
3F,6,C,EXL,131.3,65.6,-0.0,35.0,-35.0
3F,6,D,EXL,-0.0,65.6,131.3,-35.0,35.0
3F,6,E,EXL,13.9,9.6,5.3,1.1,-1.1
3F,6,F,EXL,5.3,2.7,-0.0,1.1,-1.1
3F,7,A,EXL,-0.0,0.0,0.0,-0.0,0.0
3F,7,B,EXL,0.0,0.0,0.0,-0.0,0.0
3F,7,C,EXL,0.0,-0.0,-0.0,0.0,-0.0
3F,7,D,EXL,-0.0,-0.0,0.0,-0.0,0.0
3F,7,E,EXL,0.0,0.0,0.0,0.0,-0.0
3F,7,F,EXL,0.0,0.0,-0.0,0.0,-0.0
3F,8,B,EXL,-0.0,0.0,0.0,-0.0,0.0
3F,8,C,EXL,0.0,0.0,-0.0,0.0,-0.0
3F,8,D,EXL,-0.0,-0.0,0.0,-0.0,0.0
3F,8,E,EXL,0.0,0.0,-0.0,0.0,-0.0
4F,1,B,EXL,0.0,-0.0,-0.0,0.0,-0.0
4F,1,C,EXL,-0.0,-0.0,0.0,-0.0,0.0
4F,1,D,EXL,0.0,0.0,-0.0,0.0,-0.0
4F,1,E,EXL,-0.0,-0.0,0.0,-0.0,0.0
4F,2,A,EXL,0.0,-0.0,-0.0,0.0,-0.0
4F,2,B,EXL,-0.0,-0.0,-0.0,0.0,-0.0
4F,2,C,EXL,-0.0,0.0,0.0,-0.0,0.0
4F,2,D,EXL,0.0,0.0,-0.0,0.0,-0.0
4F,2,E,EXL,-0.0,-0.0,-0.0,-0.0,0.0
4F,2,F,EXL,-0.0,-0.0,0.0,-0.0,0.0
4F,3,A,EXL,0.0,-0.6,-1.3,0.3,-0.3
4F,3,B,EXL,-1.3,-2.3,-3.3,0.3,-0.3
4F,3,C,EXL,-35.5,-17.7,0.0,-9.5,9.5
4F,3,D,EXL,0.0,-17.7,-35.5,9.5,-9.5
4F,3,E,EXL,-3.3,-2.3,-1.3,-0.3,0.3
4F,3,F,EXL,-1.3,-0.6,0.0,-0.3,0.3
4F,4,A,EXL,-0.0,3.2,6.4,-1.3,1.3
4F,4,B,EXL,6.4,11.5,16.6,-1.3,1.3
4F,4,C,EXL,130.4,65.2,-0.0,34.8,-34.8
4F,4,D,EXL,-0.0,65.2,130.4,-34.8,34.8
4F,4,E,EXL,16.6,11.5,6.4,1.3,-1.3
4F,4,F,EXL,6.4,3.2,-0.0,1.3,-1.3
4F,5,A,EXL,-0.0,3.8,7.5,-1.6,1.6
4F,5,B,EXL,7.5,13.5,19.6,-1.6,1.6
4F,5,C,EXL,154.4,77.2,-0.0,41.2,-41.2
4F,5,D,EXL,-0.0,77.2,154.4,-41.2,41.2
4F,5,E,EXL,19.6,13.5,7.5,1.6,-1.6
4F,5,F,EXL,7.5,3.8,-0.0,1.6,-1.6
4F,6,A,EXL,0.0,2.0,4.0,-0.8,0.8
4F,6,B,EXL,4.0,7.2,10.5,-0.8,0.8
4F,6,C,EXL,133.2,66.6,-0.0,35.5,-35.5
4F,6,D,EXL,-0.0,66.6,133.2,-35.5,35.5
4F,6,E,EXL,10.5,7.2,4.0,0.8,-0.8
4F,6,F,EXL,4.0,2.0,0.0,0.8,-0.8
4F,7,A,EXL,-0.0,0.0,0.0,-0.0,0.0
4F,7,B,EXL,0.0,0.0,0.0,-0.0,0.0
4F,7,C,EXL,0.0,-0.0,-0.0,0.0,-0.0
4F,7,D,EXL,-0.0,-0.0,0.0,-0.0,0.0
4F,7,E,EXL,0.0,0.0,0.0,0.0,-0.0
4F,7,F,EXL,0.0,0.0,-0.0,0.0,-0.0
4F,8,B,EXL,-0.0,0.0,0.0,-0.0,0.0
4F,8,C,EXL,0.0,0.0,-0.0,0.0,-0.0
4F,8,D,EXL,-0.0,0.0,0.0,-0.0,0.0
4F,8,E,EXL,0.0,0.0,-0.0,0.0,-0.0
5F,1,B,EXL,0.0,-0.0,-0.0,0.0,-0.0
5F,1,C,EXL,-0.0,-0.0,0.0,-0.0,0.0
5F,1,D,EXL,0.0,-0.0,-0.0,0.0,-0.0
5F,1,E,EXL,-0.0,-0.0,0.0,-0.0,0.0
5F,2,A,EXL,0.0,-0.0,-0.0,0.0,-0.0
5F,2,B,EXL,-0.0,-0.0,-0.0,0.0,-0.0
5F,2,C,EXL,-0.0,0.0,0.0,-0.0,0.0
5F,2,D,EXL,0.0,0.0,-0.0,0.0,-0.0
5F,2,E,EXL,-0.0,-0.0,-0.0,-0.0,0.0
5F,2,F,EXL,-0.0,-0.0,0.0,-0.0,0.0
5F,3,A,EXL,0.0,-0.6,-1.1,0.2,-0.2
5F,3,B,EXL,-1.1,-2.1,-3.0,0.2,-0.2
5F,3,C,EXL,-33.7,-16.8,0.0,-9.0,9.0
5F,3,D,EXL,0.0,-16.8,-33.7,9.0,-9.0
5F,3,E,EXL,-3.0,-2.1,-1.1,-0.2,0.2
5F,3,F,EXL,-1.1,-0.6,0.0,-0.2,0.2
5F,4,A,EXL,-0.0,3.8,7.6,-1.6,1.6
5F,4,B,EXL,7.6,13.7,19.7,-1.6,1.6
5F,4,C,EXL,162.4,81.2,-0.0,43.3,-43.3
5F,4,D,EXL,-0.0,81.2,162.4,-43.3,43.3
5F,4,E,EXL,19.7,13.7,7.6,1.6,-1.6
5F,4,F,EXL,7.6,3.8,-0.0,1.6,-1.6
5F,5,A,EXL,-0.0,4.6,9.3,-1.9,1.9
5F,5,B,EXL,9.3,16.7,24.2,-1.9,1.9
5F,5,C,EXL,198.1,99.1,-0.0,52.8,-52.8
5F,5,D,EXL,-0.0,99.1,198.1,-52.8,52.8
5F,5,E,EXL,24.2,16.7,9.3,1.9,-1.9
5F,5,F,EXL,9.3,4.6,-0.0,1.9,-1.9
5F,6,A,EXL,0.0,2.5,5.0,-1.0,1.0
5F,6,B,EXL,5.0,9.1,13.1,-1.0,1.0
5F,6,C,EXL,168.4,84.2,-0.0,44.9,-44.9
5F,6,D,EXL,-0.0,84.2,168.4,-44.9,44.9
5F,6,E,EXL,13.1,9.1,5.0,1.0,-1.0
5F,6,F,EXL,5.0,2.5,0.0,1.0,-1.0
5F,7,A,EXL,-0.0,0.0,0.0,-0.0,0.0
5F,7,B,EXL,0.0,0.0,0.0,-0.0,0.0
5F,7,C,EXL,0.0,-0.0,-0.0,0.0,-0.0
5F,7,D,EXL,-0.0,-0.0,0.0,-0.0,0.0
5F,7,E,EXL,0.0,0.0,0.0,0.0,-0.0
5F,7,F,EXL,0.0,0.0,-0.0,0.0,-0.0
5F,8,B,EXL,-0.0,0.0,0.0,-0.0,0.0
5F,8,C,EXL,0.0,0.0,-0.0,0.0,-0.0
5F,8,D,EXL,-0.0,0.0,0.0,-0.0,0.0
5F,8,E,EXL,0.0,0.0,-0.0,0.0,-0.0
RF,1,B,EXL,0.0,-0.0,-0.0,0.0,-0.0
RF,1,C,EXL,-0.0,0.0,0.0,-0.0,0.0
RF,1,D,EXL,0.0,0.0,-0.0,0.0,-0.0
RF,1,E,EXL,-0.0,-0.0,0.0,-0.0,0.0
RF,2,A,EXL,0.0,-0.0,-0.0,0.0,-0.0
RF,2,B,EXL,-0.0,-0.0,-0.0,0.0,-0.0
RF,2,C,EXL,-0.0,0.0,0.0,-0.0,0.0
RF,2,D,EXL,0.0,0.0,-0.0,0.0,-0.0
RF,2,E,EXL,-0.0,-0.0,-0.0,-0.0,0.0
RF,2,F,EXL,-0.0,-0.0,0.0,-0.0,0.0
RF,3,A,EXL,0.0,-1.1,-2.1,0.4,-0.4
RF,3,B,EXL,-2.1,-3.8,-5.5,0.4,-0.4
RF,3,C,EXL,-26.0,-13.0,0.0,-6.9,6.9
RF,3,D,EXL,0.0,-13.0,-26.0,6.9,-6.9
RF,3,E,EXL,-5.5,-3.8,-2.1,-0.4,0.4
RF,3,F,EXL,-2.1,-1.1,0.0,-0.4,0.4
RF,4,A,EXL,-0.0,6.0,12.1,-2.5,2.5
RF,4,B,EXL,12.1,21.8,31.5,-2.5,2.5
RF,4,C,EXL,125.9,62.9,-0.0,33.6,-33.6
RF,4,D,EXL,-0.0,62.9,125.9,-33.6,33.6
RF,4,E,EXL,31.5,21.8,12.1,2.5,-2.5
RF,4,F,EXL,12.1,6.0,-0.0,2.5,-2.5
RF,5,A,EXL,-0.0,7.4,14.8,-3.1,3.1
RF,5,B,EXL,14.8,26.6,38.5,-3.1,3.1
RF,5,C,EXL,153.7,76.8,-0.0,41.0,-41.0
RF,5,D,EXL,-0.0,76.8,153.7,-41.0,41.0
RF,5,E,EXL,38.5,26.6,14.8,3.1,-3.1
RF,5,F,EXL,14.8,7.4,-0.0,3.1,-3.1
RF,6,A,EXL,-0.0,4.9,9.7,-2.0,2.0
RF,6,B,EXL,9.7,17.5,25.4,-2.0,2.0
RF,6,C,EXL,130.7,65.3,-0.0,34.9,-34.9
RF,6,D,EXL,-0.0,65.3,130.7,-34.9,34.9
RF,6,E,EXL,25.4,17.5,9.7,2.0,-2.0
RF,6,F,EXL,9.7,4.9,-0.0,2.0,-2.0
RF,7,A,EXL,-0.0,0.0,0.0,-0.0,0.0
RF,7,B,EXL,0.0,0.0,0.0,-0.0,0.0
RF,7,C,EXL,0.0,-0.0,-0.0,0.0,-0.0
RF,7,D,EXL,-0.0,-0.0,0.0,-0.0,0.0
RF,7,E,EXL,0.0,0.0,0.0,0.0,-0.0
RF,7,F,EXL,0.0,0.0,-0.0,0.0,-0.0
RF,8,B,EXL,-0.0,0.0,0.0,-0.0,0.0
RF,8,C,EXL,0.0,0.0,-0.0,0.0,-0.0
RF,8,D,EXL,-0.0,0.0,0.0,-0.0,0.0
RF,8,E,EXL,0.0,0.0,-0.0,0.0,-0.0
1F,A,2,EXR,186.5,-28.2,-242.9,56.5,-56.5
1F,A,3,EXR,280.6,6.1,-268.4,72.2,-72.2
1F,A,4,EXR,258.0,-0.0,-258.0,67.9,-67.9
1F,A,5,EXR,268.4,-6.1,-280.6,72.2,-72.2
1F,A,6,EXR,242.9,28.2,-186.5,56.5,-56.5
1F,B,1,EXR,41.1,-3.4,-47.9,17.8,-17.8
1F,B,7,EXR,47.9,3.4,-41.1,17.8,-17.8
1F,C,3,EXR,69.6,14.2,-41.1,14.6,-14.6
1F,C,5,EXR,41.1,-14.2,-69.6,14.6,-14.6
1F,E,3,EXR,69.6,14.2,-41.1,14.6,-14.6
1F,E,5,EXR,41.1,-14.2,-69.6,14.6,-14.6
1F,F,1,EXR,41.1,-3.4,-47.9,17.8,-17.8
1F,F,7,EXR,47.9,3.4,-41.1,17.8,-17.8
1F,G,2,EXR,186.5,-28.2,-242.9,56.5,-56.5
1F,G,3,EXR,280.6,6.1,-268.4,72.2,-72.2
1F,G,4,EXR,258.0,-0.0,-258.0,67.9,-67.9
1F,G,5,EXR,268.4,-6.1,-280.6,72.2,-72.2
1F,G,6,EXR,242.9,28.2,-186.5,56.5,-56.5
2F,A,2,EXR,170.2,-11.8,-193.8,47.9,-47.9
2F,A,3,EXR,194.4,97.2,-0.0,51.2,-51.2
2F,A,3A,EXR,-0.0,-97.2,-194.4,51.2,-51.2
2F,A,4,EXR,195.2,97.6,0.0,51.4,-51.4
2F,A,4A,EXR,0.0,-97.6,-195.2,51.4,-51.4
2F,A,5,EXR,194.6,97.3,0.0,51.2,-51.2
2F,A,5A,EXR,0.0,-97.3,-194.5,51.2,-51.2
2F,A,6,EXR,193.9,11.8,-170.2,47.9,-47.9
2F,B,1,EXR,0.0,0.0,-0.0,0.0,-0.0
2F,B,7,EXR,0.0,-0.0,-0.0,0.0,-0.0
2F,C,1,EXR,0.0,0.0,-0.0,0.0,-0.0
2F,C,2,EXR,-0.0,-0.0,-0.0,0.0,-0.0
2F,C,3,EXR,0.0,0.0,-0.0,0.0,-0.0
2F,C,3A,EXR,-0.0,-0.0,-0.0,0.0,-0.0
2F,C,4,EXR,0.0,0.0,-0.0,0.0,-0.0
2F,C,4A,EXR,0.0,-0.0,-0.0,0.0,-0.0
2F,C,5,EXR,0.0,0.0,0.0,0.0,-0.0
2F,C,5A,EXR,0.0,-0.0,-0.0,0.0,-0.0
2F,C,6,EXR,0.0,0.0,0.0,0.0,-0.0
2F,C,7,EXR,0.0,-0.0,-0.0,0.0,-0.0
2F,D,1,EXR,0.0,-0.0,-0.0,0.0,-0.0
2F,D,2,EXR,-0.0,-0.0,-0.0,0.0,-0.0
2F,D,3,EXR,0.0,9.4,18.8,-4.9,4.9
2F,D,3A,EXR,18.8,9.4,-0.0,4.9,-4.9
2F,D,4,EXR,0.0,11.2,22.4,-5.9,5.9
2F,D,4A,EXR,22.4,11.2,-0.0,5.9,-5.9
2F,D,5,EXR,0.0,-7.3,-14.6,3.8,-3.8
2F,D,5A,EXR,-14.6,-7.3,-0.0,-3.8,3.8
2F,D,6,EXR,0.0,0.0,0.0,0.0,-0.0
2F,D,7,EXR,0.0,0.0,-0.0,0.0,-0.0
2F,E,1,EXR,0.0,0.0,-0.0,0.0,-0.0
2F,E,2,EXR,-0.0,-0.0,-0.0,0.0,-0.0
2F,E,3,EXR,0.0,0.0,-0.0,0.0,-0.0
2F,E,3A,EXR,-0.0,-0.0,-0.0,0.0,-0.0
2F,E,4,EXR,0.0,0.0,0.0,0.0,-0.0
2F,E,4A,EXR,0.0,-0.0,-0.0,0.0,-0.0
2F,E,5,EXR,0.0,0.0,0.0,0.0,-0.0
2F,E,5A,EXR,0.0,-0.0,-0.0,0.0,-0.0
2F,E,6,EXR,0.0,0.0,0.0,0.0,-0.0
2F,E,7,EXR,0.0,-0.0,-0.0,0.0,-0.0
2F,F,1,EXR,0.0,0.0,-0.0,0.0,-0.0
2F,F,7,EXR,0.0,-0.0,-0.0,0.0,-0.0
2F,G,2,EXR,170.2,-11.8,-193.8,47.9,-47.9
2F,G,3,EXR,194.4,97.2,-0.0,51.2,-51.2
2F,G,3A,EXR,-0.0,-97.2,-194.4,51.2,-51.2
2F,G,4,EXR,195.2,97.6,0.0,51.4,-51.4
2F,G,4A,EXR,0.0,-97.6,-195.2,51.4,-51.4
2F,G,5,EXR,194.6,97.3,0.0,51.2,-51.2
2F,G,5A,EXR,0.0,-97.3,-194.5,51.2,-51.2
2F,G,6,EXR,193.9,11.8,-170.2,47.9,-47.9
3F,A,2,EXR,175.9,-12.1,-200.2,49.5,-49.5
3F,A,3,EXR,205.3,102.8,0.3,53.9,-53.9
3F,A,3A,EXR,0.3,-102.1,-204.6,53.9,-53.9
3F,A,4,EXR,205.3,102.6,0.0,54.0,-54.0
3F,A,4A,EXR,0.0,-102.6,-205.2,54.0,-54.0
3F,A,5,EXR,204.9,102.3,-0.3,54.0,-54.0
3F,A,5A,EXR,-0.3,-102.9,-205.6,54.0,-54.0
3F,A,6,EXR,200.2,12.1,-175.9,49.5,-49.5
3F,B,1,EXR,0.0,-0.0,-0.0,0.0,-0.0
3F,B,7,EXR,0.0,0.0,-0.0,0.0,-0.0
3F,C,1,EXR,0.0,0.0,0.0,0.0,-0.0
3F,C,2,EXR,0.0,-0.0,-0.0,0.0,-0.0
3F,C,3,EXR,0.0,0.0,0.0,0.0,-0.0
3F,C,3A,EXR,0.0,-0.0,-0.0,0.0,-0.0
3F,C,4,EXR,0.0,0.0,0.0,0.0,-0.0
3F,C,4A,EXR,0.0,-0.0,-0.0,0.0,-0.0
3F,C,5,EXR,0.0,0.0,-0.0,0.0,-0.0
3F,C,5A,EXR,-0.0,-0.0,-0.0,0.0,-0.0
3F,C,6,EXR,0.0,0.0,-0.0,0.0,-0.0
3F,C,7,EXR,-0.0,-0.0,-0.0,0.0,-0.0
3F,D,1,EXR,0.0,-0.0,-0.0,0.0,-0.0
3F,D,2,EXR,-0.0,-0.0,-0.0,0.0,-0.0
3F,D,3,EXR,0.0,0.0,0.0,0.0,-0.0
3F,D,3A,EXR,0.0,-0.0,-0.0,0.0,-0.0
3F,D,4,EXR,0.0,0.0,-0.0,0.0,-0.0
3F,D,4A,EXR,-0.0,-0.0,-0.0,0.0,-0.0
3F,D,5,EXR,0.0,0.0,0.0,0.0,-0.0
3F,D,5A,EXR,-0.0,-0.0,-0.0,0.0,-0.0
3F,D,6,EXR,0.0,0.0,0.0,0.0,-0.0
3F,D,7,EXR,0.0,0.0,-0.0,0.0,-0.0
3F,E,1,EXR,0.0,0.0,0.0,0.0,-0.0
3F,E,2,EXR,0.0,-0.0,-0.0,0.0,-0.0
3F,E,3,EXR,0.0,0.0,0.0,0.0,-0.0
3F,E,3A,EXR,0.0,-0.0,-0.0,0.0,-0.0
3F,E,4,EXR,0.0,0.0,0.0,0.0,-0.0
3F,E,4A,EXR,0.0,-0.0,-0.0,0.0,-0.0
3F,E,5,EXR,0.0,0.0,-0.0,0.0,-0.0
3F,E,5A,EXR,-0.0,-0.0,-0.0,0.0,-0.0
3F,E,6,EXR,0.0,0.0,-0.0,0.0,-0.0
3F,E,7,EXR,-0.0,-0.0,-0.0,0.0,-0.0
3F,F,1,EXR,0.0,-0.0,-0.0,0.0,-0.0
3F,F,7,EXR,0.0,0.0,-0.0,0.0,-0.0
3F,G,2,EXR,175.9,-12.1,-200.2,49.5,-49.5
3F,G,3,EXR,205.3,102.8,0.3,53.9,-53.9
3F,G,3A,EXR,0.3,-102.1,-204.6,53.9,-53.9
3F,G,4,EXR,205.3,102.6,0.0,54.0,-54.0
3F,G,4A,EXR,0.0,-102.6,-205.2,54.0,-54.0
3F,G,5,EXR,204.9,102.3,-0.3,54.0,-54.0
3F,G,5A,EXR,-0.3,-102.9,-205.6,54.0,-54.0
3F,G,6,EXR,200.2,12.1,-175.9,49.5,-49.5
4F,A,2,EXR,174.2,-11.3,-196.7,48.8,-48.8
4F,A,3,EXR,204.3,102.4,0.5,53.6,-53.6
4F,A,3A,EXR,0.5,-101.4,-203.4,53.6,-53.6
4F,A,4,EXR,204.2,102.1,0.0,53.7,-53.7
4F,A,4A,EXR,0.0,-102.1,-204.2,53.7,-53.7
4F,A,5,EXR,203.8,101.6,-0.5,53.7,-53.7
4F,A,5A,EXR,-0.5,-102.6,-204.7,53.7,-53.7
4F,A,6,EXR,196.8,11.3,-174.3,48.8,-48.8
4F,B,1,EXR,0.0,0.0,-0.0,0.0,-0.0
4F,B,7,EXR,0.0,-0.0,-0.0,0.0,-0.0
4F,C,1,EXR,0.0,0.0,-0.0,0.0,-0.0
4F,C,2,EXR,-0.0,-0.0,-0.0,0.0,-0.0
4F,C,3,EXR,0.0,0.0,-0.0,0.0,-0.0
4F,C,3A,EXR,-0.0,-0.0,-0.0,0.0,-0.0
4F,C,4,EXR,0.0,0.0,0.0,0.0,-0.0
4F,C,4A,EXR,0.0,-0.0,-0.0,0.0,-0.0
4F,C,5,EXR,0.0,0.0,0.0,0.0,-0.0
4F,C,5A,EXR,0.0,-0.0,-0.0,0.0,-0.0
4F,C,6,EXR,0.0,0.0,-0.0,0.0,-0.0
4F,C,7,EXR,-0.0,-0.0,-0.0,0.0,-0.0
4F,D,1,EXR,0.0,-0.0,-0.0,0.0,-0.0
4F,D,2,EXR,-0.0,-0.0,-0.0,0.0,-0.0
4F,D,3,EXR,0.0,-70.7,-141.4,37.2,-37.2
4F,D,3A,EXR,-141.4,-70.7,-0.0,-37.2,37.2
4F,D,4,EXR,0.0,-71.7,-143.4,37.7,-37.7
4F,D,4A,EXR,-143.4,-71.7,-0.0,-37.7,37.7
4F,D,5,EXR,0.0,-58.7,-117.3,30.9,-30.9
4F,D,5A,EXR,-117.3,-58.7,-0.0,-30.9,30.9
4F,D,6,EXR,0.0,0.0,0.0,0.0,-0.0
4F,D,7,EXR,0.0,0.0,-0.0,0.0,-0.0
4F,E,1,EXR,0.0,0.0,-0.0,0.0,-0.0
4F,E,2,EXR,-0.0,-0.0,-0.0,0.0,-0.0
4F,E,3,EXR,0.0,0.0,0.0,0.0,-0.0
4F,E,3A,EXR,0.0,-0.0,-0.0,0.0,-0.0
4F,E,4,EXR,0.0,0.0,0.0,0.0,-0.0
4F,E,4A,EXR,0.0,-0.0,-0.0,0.0,-0.0
4F,E,5,EXR,0.0,0.0,0.0,0.0,-0.0
4F,E,5A,EXR,0.0,-0.0,-0.0,0.0,-0.0
4F,E,6,EXR,0.0,0.0,-0.0,0.0,-0.0
4F,E,7,EXR,-0.0,-0.0,-0.0,0.0,-0.0
4F,F,1,EXR,0.0,0.0,-0.0,0.0,-0.0
4F,F,7,EXR,0.0,-0.0,-0.0,0.0,-0.0
4F,G,2,EXR,174.2,-11.3,-196.7,48.8,-48.8
4F,G,3,EXR,204.3,102.4,0.5,53.6,-53.6
4F,G,3A,EXR,0.5,-101.4,-203.4,53.6,-53.6
4F,G,4,EXR,204.2,102.1,0.0,53.7,-53.7
4F,G,4A,EXR,0.0,-102.1,-204.2,53.7,-53.7
4F,G,5,EXR,203.8,101.6,-0.5,53.7,-53.7
4F,G,5A,EXR,-0.5,-102.6,-204.7,53.7,-53.7
4F,G,6,EXR,196.8,11.3,-174.3,48.8,-48.8
5F,A,2,EXR,236.6,-15.8,-268.2,66.4,-66.4
5F,A,3,EXR,276.9,138.6,0.4,72.8,-72.8
5F,A,3A,EXR,0.4,-137.9,-276.1,72.8,-72.8
5F,A,4,EXR,277.6,138.8,0.0,73.0,-73.0
5F,A,4A,EXR,0.0,-138.7,-277.5,73.0,-73.0
5F,A,5,EXR,276.6,138.1,-0.4,72.9,-72.9
5F,A,5A,EXR,-0.4,-138.9,-277.4,72.9,-72.9
5F,A,6,EXR,268.3,15.8,-236.7,66.5,-66.5
5F,B,1,EXR,0.0,-0.0,-0.0,0.0,-0.0
5F,B,7,EXR,0.0,0.0,-0.0,0.0,-0.0
5F,C,1,EXR,0.0,0.0,-0.0,0.0,-0.0
5F,C,2,EXR,0.0,-0.0,-0.0,0.0,-0.0
5F,C,3,EXR,0.0,0.0,0.0,0.0,-0.0
5F,C,3A,EXR,0.0,-0.0,-0.0,0.0,-0.0
5F,C,4,EXR,0.0,0.0,0.0,0.0,-0.0
5F,C,4A,EXR,-0.0,-0.0,-0.0,0.0,-0.0
5F,C,5,EXR,0.0,0.0,-0.0,0.0,-0.0
5F,C,5A,EXR,-0.0,-0.0,-0.0,0.0,-0.0
5F,C,6,EXR,0.0,0.0,-0.0,0.0,-0.0
5F,C,7,EXR,-0.0,-0.0,-0.0,0.0,-0.0
5F,D,1,EXR,0.0,-0.0,-0.0,0.0,-0.0
5F,D,2,EXR,-0.0,-0.0,-0.0,0.0,-0.0
5F,D,3,EXR,0.0,0.0,0.0,0.0,-0.0
5F,D,3A,EXR,-0.0,-0.0,-0.0,0.0,-0.0
5F,D,4,EXR,0.0,0.0,0.0,0.0,-0.0
5F,D,4A,EXR,0.0,-0.0,-0.0,0.0,-0.0
5F,D,5,EXR,0.0,0.0,0.0,0.0,-0.0
5F,D,5A,EXR,0.0,-0.0,-0.0,0.0,-0.0
5F,D,6,EXR,0.0,0.0,0.0,0.0,-0.0
5F,D,7,EXR,0.0,0.0,-0.0,0.0,-0.0
5F,E,1,EXR,0.0,0.0,-0.0,0.0,-0.0
5F,E,2,EXR,0.0,-0.0,-0.0,0.0,-0.0
5F,E,3,EXR,0.0,0.0,0.0,0.0,-0.0
5F,E,3A,EXR,0.0,-0.0,-0.0,0.0,-0.0
5F,E,4,EXR,0.0,0.0,-0.0,0.0,-0.0
5F,E,4A,EXR,-0.0,-0.0,-0.0,0.0,-0.0
5F,E,5,EXR,0.0,0.0,-0.0,0.0,-0.0
5F,E,5A,EXR,-0.0,-0.0,-0.0,0.0,-0.0
5F,E,6,EXR,0.0,0.0,-0.0,0.0,-0.0
5F,E,7,EXR,-0.0,-0.0,-0.0,0.0,-0.0
5F,F,1,EXR,0.0,-0.0,-0.0,0.0,-0.0
5F,F,7,EXR,0.0,0.0,-0.0,0.0,-0.0
5F,G,2,EXR,236.6,-15.8,-268.2,66.4,-66.4
5F,G,3,EXR,276.9,138.6,0.4,72.8,-72.8
5F,G,3A,EXR,0.4,-137.9,-276.1,72.8,-72.8
5F,G,4,EXR,277.6,138.8,0.0,73.0,-73.0
5F,G,4A,EXR,0.0,-138.7,-277.5,73.0,-73.0
5F,G,5,EXR,276.6,138.1,-0.4,72.9,-72.9
5F,G,5A,EXR,-0.4,-138.9,-277.4,72.9,-72.9
5F,G,6,EXR,268.3,15.8,-236.7,66.5,-66.5
RF,A,2,EXR,184.0,-19.8,-223.7,53.6,-53.6
RF,A,3,EXR,242.2,122.0,1.8,63.3,-63.3
RF,A,3A,EXR,1.8,-118.4,-238.6,63.3,-63.3
RF,A,4,EXR,237.7,118.9,0.1,62.5,-62.5
RF,A,4A,EXR,0.1,-118.8,-237.6,62.5,-62.5
RF,A,5,EXR,239.0,118.6,-1.8,63.4,-63.4
RF,A,5A,EXR,-1.8,-122.2,-242.6,63.4,-63.4
RF,A,6,EXR,223.7,19.8,-184.1,53.7,-53.7
RF,B,1,EXR,0.0,0.0,-0.0,0.0,-0.0
RF,B,7,EXR,0.0,-0.0,-0.0,0.0,-0.0
RF,C,1,EXR,0.0,0.0,0.0,0.0,-0.0
RF,C,2,EXR,0.0,-0.0,-0.0,0.0,-0.0
RF,C,3,EXR,0.0,0.0,-0.0,0.0,-0.0
RF,C,3A,EXR,-0.0,-0.0,-0.0,0.0,-0.0
RF,C,4,EXR,0.0,0.0,-0.0,0.0,-0.0
RF,C,4A,EXR,-0.0,-0.0,-0.0,0.0,-0.0
RF,C,5,EXR,0.0,0.0,0.0,0.0,-0.0
RF,C,5A,EXR,0.0,-0.0,-0.0,0.0,-0.0
RF,C,6,EXR,0.0,0.0,-0.0,0.0,-0.0
RF,C,7,EXR,-0.0,-0.0,-0.0,0.0,-0.0
RF,D,1,EXR,0.0,-0.0,-0.0,0.0,-0.0
RF,D,2,EXR,-0.0,-0.0,-0.0,0.0,-0.0
RF,D,3,EXR,0.0,0.0,-0.0,0.0,-0.0
RF,D,3A,EXR,-0.0,-0.0,-0.0,0.0,-0.0
RF,D,4,EXR,0.0,0.0,-0.0,0.0,-0.0
RF,D,4A,EXR,-0.0,-0.0,-0.0,0.0,-0.0
RF,D,5,EXR,0.0,0.0,0.0,0.0,-0.0
RF,D,5A,EXR,0.0,-0.0,-0.0,0.0,-0.0
RF,D,6,EXR,0.0,0.0,0.0,0.0,-0.0
RF,D,7,EXR,0.0,0.0,-0.0,0.0,-0.0
RF,E,1,EXR,0.0,0.0,0.0,0.0,-0.0
RF,E,2,EXR,0.0,-0.0,-0.0,0.0,-0.0
RF,E,3,EXR,0.0,0.0,0.0,0.0,-0.0
RF,E,3A,EXR,-0.0,-0.0,-0.0,0.0,-0.0
RF,E,4,EXR,0.0,0.0,-0.0,0.0,-0.0
RF,E,4A,EXR,-0.0,-0.0,-0.0,0.0,-0.0
RF,E,5,EXR,0.0,0.0,0.0,0.0,-0.0
RF,E,5A,EXR,0.0,-0.0,-0.0,0.0,-0.0
RF,E,6,EXR,0.0,0.0,-0.0,0.0,-0.0
RF,E,7,EXR,-0.0,-0.0,-0.0,0.0,-0.0
RF,F,1,EXR,0.0,0.0,-0.0,0.0,-0.0
RF,F,7,EXR,0.0,-0.0,-0.0,0.0,-0.0
RF,G,2,EXR,184.0,-19.8,-223.7,53.6,-53.6
RF,G,3,EXR,242.2,122.0,1.8,63.3,-63.3
RF,G,3A,EXR,1.8,-118.4,-238.6,63.3,-63.3
RF,G,4,EXR,237.7,118.9,0.1,62.5,-62.5
RF,G,4A,EXR,0.1,-118.8,-237.6,62.5,-62.5
RF,G,5,EXR,239.0,118.6,-1.8,63.4,-63.4
RF,G,5A,EXR,-1.8,-122.2,-242.6,63.4,-63.4
RF,G,6,EXR,223.7,19.8,-184.1,53.7,-53.7
1F,1,B,EXR,-0.0,-0.0,0.0,-0.0,0.0
1F,1,C,EXR,0.0,-0.0,-0.0,0.0,-0.0
1F,1,D,EXR,-0.0,-0.0,-0.0,0.0,-0.0
1F,1,E,EXR,0.0,-0.0,-0.0,0.0,-0.0
1F,2,A,EXR,-0.0,-0.0,0.0,-0.0,0.0
1F,2,F,EXR,0.0,-0.0,-0.0,0.0,-0.0
1F,3,C,EXR,16.1,5.3,-5.6,5.8,-5.8
1F,3,D,EXR,-5.6,5.3,16.1,-5.8,5.8
1F,4,C,EXR,14.1,4.6,-4.9,5.1,-5.1
1F,4,D,EXR,-4.9,4.6,14.1,-5.1,5.1
1F,5,C,EXR,12.5,4.1,-4.4,4.5,-4.5
1F,5,D,EXR,-4.4,4.1,12.5,-4.5,4.5
1F,6,C,EXR,-5.9,-1.9,2.0,-2.1,2.1
1F,6,D,EXR,2.0,-1.9,-5.9,2.1,-2.1
1F,7,A,EXR,0.0,0.0,-0.0,0.0,-0.0
1F,7,F,EXR,-0.0,0.0,0.0,-0.0,0.0
1F,8,B,EXR,0.0,0.0,-0.0,0.0,-0.0
1F,8,C,EXR,-0.0,0.0,0.0,-0.0,0.0
1F,8,D,EXR,0.0,0.0,0.0,-0.0,0.0
1F,8,E,EXR,-0.0,0.0,0.0,-0.0,0.0
2F,1,B,EXR,-0.0,0.0,0.0,-0.0,0.0
2F,1,C,EXR,0.0,0.0,0.0,-0.0,0.0
2F,1,D,EXR,0.0,0.0,0.0,0.0,-0.0
2F,1,E,EXR,0.0,0.0,-0.0,0.0,-0.0
2F,2,A,EXR,-0.0,0.0,0.0,-0.0,0.0
2F,2,B,EXR,0.0,0.0,0.0,-0.0,0.0
2F,2,C,EXR,0.0,-0.0,-0.0,0.0,-0.0
2F,2,D,EXR,-0.0,-0.0,0.0,-0.0,0.0
2F,2,E,EXR,0.0,0.0,0.0,0.0,-0.0
2F,2,F,EXR,0.0,0.0,-0.0,0.0,-0.0
2F,3,A,EXR,-0.0,1.4,2.8,-0.6,0.6
2F,3,B,EXR,2.8,5.0,7.2,-0.6,0.6
2F,3,C,EXR,72.2,36.1,-0.0,19.3,-19.3
2F,3,D,EXR,-0.0,36.1,72.2,-19.3,19.3
2F,3,E,EXR,7.2,5.0,2.8,0.6,-0.6
2F,3,F,EXR,2.8,1.4,-0.0,0.6,-0.6
2F,4,A,EXR,-0.0,1.5,3.1,-0.6,0.6
2F,4,B,EXR,3.1,5.6,8.1,-0.6,0.6
2F,4,C,EXR,61.7,30.8,-0.0,16.4,-16.4
2F,4,D,EXR,-0.0,30.8,61.7,-16.4,16.4
2F,4,E,EXR,8.1,5.6,3.1,0.6,-0.6
2F,4,F,EXR,3.1,1.5,-0.0,0.6,-0.6
2F,5,A,EXR,-0.0,1.4,2.8,-0.6,0.6
2F,5,B,EXR,2.8,5.0,7.2,-0.6,0.6
2F,5,C,EXR,54.8,27.4,-0.0,14.6,-14.6
2F,5,D,EXR,-0.0,27.4,54.8,-14.6,14.6
2F,5,E,EXR,7.2,5.0,2.8,0.6,-0.6
2F,5,F,EXR,2.8,1.4,-0.0,0.6,-0.6
2F,6,A,EXR,0.0,-0.6,-1.1,0.2,-0.2
2F,6,B,EXR,-1.1,-2.0,-3.0,0.2,-0.2
2F,6,C,EXR,-26.8,-13.4,0.0,-7.2,7.2
2F,6,D,EXR,0.0,-13.4,-26.8,7.2,-7.2
2F,6,E,EXR,-3.0,-2.0,-1.1,-0.2,0.2
2F,6,F,EXR,-1.1,-0.6,0.0,-0.2,0.2
2F,7,A,EXR,0.0,-0.0,-0.0,0.0,-0.0
2F,7,B,EXR,-0.0,-0.0,-0.0,0.0,-0.0
2F,7,C,EXR,-0.0,0.0,0.0,-0.0,0.0
2F,7,D,EXR,0.0,0.0,-0.0,0.0,-0.0
2F,7,E,EXR,-0.0,-0.0,-0.0,-0.0,0.0
2F,7,F,EXR,-0.0,-0.0,0.0,-0.0,0.0
2F,8,B,EXR,0.0,-0.0,-0.0,0.0,-0.0
2F,8,C,EXR,-0.0,-0.0,-0.0,-0.0,0.0
2F,8,D,EXR,-0.0,-0.0,-0.0,-0.0,0.0
2F,8,E,EXR,-0.0,-0.0,0.0,-0.0,0.0
3F,1,B,EXR,-0.0,0.0,0.0,-0.0,0.0
3F,1,C,EXR,0.0,0.0,-0.0,0.0,-0.0
3F,1,D,EXR,-0.0,-0.0,0.0,-0.0,0.0
3F,1,E,EXR,0.0,0.0,-0.0,0.0,-0.0
3F,2,A,EXR,-0.0,0.0,0.0,-0.0,0.0
3F,2,B,EXR,0.0,0.0,0.0,-0.0,0.0
3F,2,C,EXR,0.0,-0.0,-0.0,0.0,-0.0
3F,2,D,EXR,-0.0,-0.0,0.0,-0.0,0.0
3F,2,E,EXR,0.0,0.0,0.0,0.0,-0.0
3F,2,F,EXR,0.0,0.0,-0.0,0.0,-0.0
3F,3,A,EXR,-0.0,2.7,5.3,-1.1,1.1
3F,3,B,EXR,5.3,9.6,13.9,-1.1,1.1
3F,3,C,EXR,131.3,65.6,-0.0,35.0,-35.0
3F,3,D,EXR,-0.0,65.6,131.3,-35.0,35.0
3F,3,E,EXR,13.9,9.6,5.3,1.1,-1.1
3F,3,F,EXR,5.3,2.7,-0.0,1.1,-1.1
3F,4,A,EXR,-0.0,2.8,5.7,-1.2,1.2
3F,4,B,EXR,5.7,10.2,14.7,-1.2,1.2
3F,4,C,EXR,114.1,57.0,-0.0,30.4,-30.4
3F,4,D,EXR,-0.0,57.0,114.1,-30.4,30.4
3F,4,E,EXR,14.7,10.2,5.7,1.2,-1.2
3F,4,F,EXR,5.7,2.8,-0.0,1.2,-1.2
3F,5,A,EXR,-0.0,2.5,5.1,-1.1,1.1
3F,5,B,EXR,5.1,9.2,13.2,-1.1,1.1
3F,5,C,EXR,100.8,50.4,-0.0,26.9,-26.9
3F,5,D,EXR,-0.0,50.4,100.8,-26.9,26.9
3F,5,E,EXR,13.2,9.2,5.1,1.1,-1.1
3F,5,F,EXR,5.1,2.5,-0.0,1.1,-1.1
3F,6,A,EXR,0.0,-1.1,-2.3,0.5,-0.5
3F,6,B,EXR,-2.3,-4.1,-5.9,0.5,-0.5
3F,6,C,EXR,-48.2,-24.1,0.0,-12.9,12.9
3F,6,D,EXR,0.0,-24.1,-48.2,12.9,-12.9
3F,6,E,EXR,-5.9,-4.1,-2.3,-0.5,0.5
3F,6,F,EXR,-2.3,-1.1,0.0,-0.5,0.5
3F,7,A,EXR,0.0,-0.0,-0.0,0.0,-0.0
3F,7,B,EXR,-0.0,-0.0,-0.0,0.0,-0.0
3F,7,C,EXR,-0.0,0.0,0.0,-0.0,0.0
3F,7,D,EXR,0.0,0.0,-0.0,0.0,-0.0
3F,7,E,EXR,-0.0,-0.0,-0.0,-0.0,0.0
3F,7,F,EXR,-0.0,-0.0,0.0,-0.0,0.0
3F,8,B,EXR,0.0,-0.0,-0.0,0.0,-0.0
3F,8,C,EXR,-0.0,-0.0,0.0,-0.0,0.0
3F,8,D,EXR,0.0,0.0,-0.0,0.0,-0.0
3F,8,E,EXR,-0.0,-0.0,0.0,-0.0,0.0
4F,1,B,EXR,-0.0,0.0,0.0,-0.0,0.0
4F,1,C,EXR,0.0,0.0,-0.0,0.0,-0.0
4F,1,D,EXR,-0.0,0.0,0.0,-0.0,0.0
4F,1,E,EXR,0.0,0.0,-0.0,0.0,-0.0
4F,2,A,EXR,-0.0,0.0,0.0,-0.0,0.0
4F,2,B,EXR,0.0,0.0,0.0,-0.0,0.0
4F,2,C,EXR,0.0,-0.0,-0.0,0.0,-0.0
4F,2,D,EXR,-0.0,-0.0,0.0,-0.0,0.0
4F,2,E,EXR,0.0,0.0,0.0,0.0,-0.0
4F,2,F,EXR,0.0,0.0,-0.0,0.0,-0.0
4F,3,A,EXR,0.0,2.0,4.0,-0.8,0.8
4F,3,B,EXR,4.0,7.2,10.5,-0.8,0.8
4F,3,C,EXR,133.2,66.6,-0.0,35.5,-35.5
4F,3,D,EXR,-0.0,66.6,133.2,-35.5,35.5
4F,3,E,EXR,10.5,7.2,4.0,0.8,-0.8
4F,3,F,EXR,4.0,2.0,0.0,0.8,-0.8
4F,4,A,EXR,-0.0,3.8,7.5,-1.6,1.6
4F,4,B,EXR,7.5,13.5,19.6,-1.6,1.6
4F,4,C,EXR,154.4,77.2,-0.0,41.2,-41.2
4F,4,D,EXR,-0.0,77.2,154.4,-41.2,41.2
4F,4,E,EXR,19.6,13.5,7.5,1.6,-1.6
4F,4,F,EXR,7.5,3.8,-0.0,1.6,-1.6
4F,5,A,EXR,-0.0,3.2,6.4,-1.3,1.3
4F,5,B,EXR,6.4,11.5,16.6,-1.3,1.3
4F,5,C,EXR,130.4,65.2,-0.0,34.8,-34.8
4F,5,D,EXR,-0.0,65.2,130.4,-34.8,34.8
4F,5,E,EXR,16.6,11.5,6.4,1.3,-1.3
4F,5,F,EXR,6.4,3.2,-0.0,1.3,-1.3
4F,6,A,EXR,0.0,-0.6,-1.3,0.3,-0.3
4F,6,B,EXR,-1.3,-2.3,-3.3,0.3,-0.3
4F,6,C,EXR,-35.5,-17.7,0.0,-9.5,9.5
4F,6,D,EXR,0.0,-17.7,-35.5,9.5,-9.5
4F,6,E,EXR,-3.3,-2.3,-1.3,-0.3,0.3
4F,6,F,EXR,-1.3,-0.6,0.0,-0.3,0.3
4F,7,A,EXR,0.0,-0.0,-0.0,0.0,-0.0
4F,7,B,EXR,-0.0,-0.0,-0.0,0.0,-0.0
4F,7,C,EXR,-0.0,0.0,0.0,-0.0,0.0
4F,7,D,EXR,0.0,0.0,-0.0,0.0,-0.0
4F,7,E,EXR,-0.0,-0.0,-0.0,-0.0,0.0
4F,7,F,EXR,-0.0,-0.0,0.0,-0.0,0.0
4F,8,B,EXR,0.0,-0.0,-0.0,0.0,-0.0
4F,8,C,EXR,-0.0,-0.0,0.0,-0.0,0.0
4F,8,D,EXR,0.0,0.0,-0.0,0.0,-0.0
4F,8,E,EXR,-0.0,-0.0,0.0,-0.0,0.0
5F,1,B,EXR,-0.0,0.0,0.0,-0.0,0.0
5F,1,C,EXR,0.0,0.0,-0.0,0.0,-0.0
5F,1,D,EXR,-0.0,0.0,0.0,-0.0,0.0
5F,1,E,EXR,0.0,0.0,-0.0,0.0,-0.0
5F,2,A,EXR,-0.0,0.0,0.0,-0.0,0.0
5F,2,B,EXR,0.0,0.0,0.0,-0.0,0.0
5F,2,C,EXR,0.0,-0.0,-0.0,0.0,-0.0
5F,2,D,EXR,-0.0,-0.0,0.0,-0.0,0.0
5F,2,E,EXR,0.0,0.0,0.0,0.0,-0.0
5F,2,F,EXR,0.0,0.0,-0.0,0.0,-0.0
5F,3,A,EXR,0.0,2.5,5.0,-1.0,1.0
5F,3,B,EXR,5.0,9.1,13.1,-1.0,1.0
5F,3,C,EXR,168.4,84.2,-0.0,44.9,-44.9
5F,3,D,EXR,-0.0,84.2,168.4,-44.9,44.9
5F,3,E,EXR,13.1,9.1,5.0,1.0,-1.0
5F,3,F,EXR,5.0,2.5,0.0,1.0,-1.0
5F,4,A,EXR,-0.0,4.6,9.3,-1.9,1.9
5F,4,B,EXR,9.3,16.7,24.2,-1.9,1.9
5F,4,C,EXR,198.1,99.1,-0.0,52.8,-52.8
5F,4,D,EXR,-0.0,99.1,198.1,-52.8,52.8
5F,4,E,EXR,24.2,16.7,9.3,1.9,-1.9
5F,4,F,EXR,9.3,4.6,-0.0,1.9,-1.9
5F,5,A,EXR,-0.0,3.8,7.6,-1.6,1.6
5F,5,B,EXR,7.6,13.7,19.7,-1.6,1.6
5F,5,C,EXR,162.4,81.2,-0.0,43.3,-43.3
5F,5,D,EXR,-0.0,81.2,162.4,-43.3,43.3
5F,5,E,EXR,19.7,13.7,7.6,1.6,-1.6
5F,5,F,EXR,7.6,3.8,-0.0,1.6,-1.6
5F,6,A,EXR,0.0,-0.6,-1.1,0.2,-0.2
5F,6,B,EXR,-1.1,-2.1,-3.0,0.2,-0.2
5F,6,C,EXR,-33.7,-16.8,0.0,-9.0,9.0
5F,6,D,EXR,0.0,-16.8,-33.7,9.0,-9.0
5F,6,E,EXR,-3.0,-2.1,-1.1,-0.2,0.2
5F,6,F,EXR,-1.1,-0.6,0.0,-0.2,0.2
5F,7,A,EXR,0.0,-0.0,-0.0,0.0,-0.0
5F,7,B,EXR,-0.0,-0.0,-0.0,0.0,-0.0
5F,7,C,EXR,-0.0,0.0,0.0,-0.0,0.0
5F,7,D,EXR,0.0,0.0,-0.0,0.0,-0.0
5F,7,E,EXR,-0.0,-0.0,-0.0,-0.0,0.0
5F,7,F,EXR,-0.0,-0.0,0.0,-0.0,0.0
5F,8,B,EXR,0.0,-0.0,-0.0,0.0,-0.0
5F,8,C,EXR,-0.0,-0.0,0.0,-0.0,0.0
5F,8,D,EXR,0.0,-0.0,-0.0,0.0,-0.0
5F,8,E,EXR,-0.0,-0.0,0.0,-0.0,0.0
RF,1,B,EXR,-0.0,0.0,0.0,-0.0,0.0
RF,1,C,EXR,0.0,-0.0,-0.0,0.0,-0.0
RF,1,D,EXR,-0.0,0.0,0.0,-0.0,0.0
RF,1,E,EXR,0.0,0.0,-0.0,0.0,-0.0
RF,2,A,EXR,-0.0,0.0,0.0,-0.0,0.0
RF,2,B,EXR,0.0,0.0,0.0,-0.0,0.0
RF,2,C,EXR,0.0,-0.0,-0.0,0.0,-0.0
RF,2,D,EXR,-0.0,-0.0,0.0,-0.0,0.0
RF,2,E,EXR,0.0,0.0,0.0,0.0,-0.0
RF,2,F,EXR,0.0,0.0,-0.0,0.0,-0.0
RF,3,A,EXR,-0.0,4.9,9.7,-2.0,2.0
RF,3,B,EXR,9.7,17.5,25.4,-2.0,2.0
RF,3,C,EXR,130.7,65.3,-0.0,34.9,-34.9
RF,3,D,EXR,-0.0,65.3,130.7,-34.9,34.9
RF,3,E,EXR,25.4,17.5,9.7,2.0,-2.0
RF,3,F,EXR,9.7,4.9,-0.0,2.0,-2.0
RF,4,A,EXR,-0.0,7.4,14.8,-3.1,3.1
RF,4,B,EXR,14.8,26.6,38.5,-3.1,3.1
RF,4,C,EXR,153.7,76.8,-0.0,41.0,-41.0
RF,4,D,EXR,-0.0,76.8,153.7,-41.0,41.0
RF,4,E,EXR,38.5,26.6,14.8,3.1,-3.1
RF,4,F,EXR,14.8,7.4,-0.0,3.1,-3.1
RF,5,A,EXR,-0.0,6.0,12.1,-2.5,2.5
RF,5,B,EXR,12.1,21.8,31.5,-2.5,2.5
RF,5,C,EXR,125.9,62.9,-0.0,33.6,-33.6
RF,5,D,EXR,-0.0,62.9,125.9,-33.6,33.6
RF,5,E,EXR,31.5,21.8,12.1,2.5,-2.5
RF,5,F,EXR,12.1,6.0,-0.0,2.5,-2.5
RF,6,A,EXR,0.0,-1.1,-2.1,0.4,-0.4
RF,6,B,EXR,-2.1,-3.8,-5.5,0.4,-0.4
RF,6,C,EXR,-26.0,-13.0,0.0,-6.9,6.9
RF,6,D,EXR,0.0,-13.0,-26.0,6.9,-6.9
RF,6,E,EXR,-5.5,-3.8,-2.1,-0.4,0.4
RF,6,F,EXR,-2.1,-1.1,0.0,-0.4,0.4
RF,7,A,EXR,0.0,-0.0,-0.0,0.0,-0.0
RF,7,B,EXR,-0.0,-0.0,-0.0,0.0,-0.0
RF,7,C,EXR,-0.0,0.0,0.0,-0.0,0.0
RF,7,D,EXR,0.0,0.0,-0.0,0.0,-0.0
RF,7,E,EXR,-0.0,-0.0,-0.0,-0.0,0.0
RF,7,F,EXR,-0.0,-0.0,0.0,-0.0,0.0
RF,8,B,EXR,0.0,-0.0,-0.0,0.0,-0.0
RF,8,C,EXR,-0.0,0.0,0.0,-0.0,0.0
RF,8,D,EXR,0.0,0.0,-0.0,0.0,-0.0
RF,8,E,EXR,-0.0,-0.0,0.0,-0.0,0.0
1F,A,2,EYL,-0.2,-0.0,0.1,-0.0,0.0
1F,A,3,EYL,-0.0,-0.0,-0.0,-0.0,0.0
1F,A,4,EYL,0.0,0.0,0.0,-0.0,0.0
1F,A,5,EYL,-0.0,-0.0,-0.0,0.0,-0.0
1F,A,6,EYL,0.1,-0.0,-0.2,0.0,-0.0
1F,B,1,EYL,0.0,0.0,-0.0,0.0,-0.0
1F,B,7,EYL,-0.0,0.0,0.0,-0.0,0.0
1F,C,3,EYL,0.0,-0.0,-0.0,0.0,-0.0
1F,C,5,EYL,-0.0,-0.0,0.0,-0.0,0.0
1F,E,3,EYL,-0.0,-0.0,0.0,-0.0,0.0
1F,E,5,EYL,0.0,-0.0,-0.0,0.0,-0.0
1F,F,1,EYL,-0.0,-0.0,0.0,-0.0,0.0
1F,F,7,EYL,0.0,0.0,-0.0,0.0,-0.0
1F,G,2,EYL,0.2,0.0,-0.1,0.0,-0.0
1F,G,3,EYL,0.0,0.0,0.0,0.0,-0.0
1F,G,4,EYL,-0.0,-0.0,-0.0,0.0,-0.0
1F,G,5,EYL,0.0,0.0,0.0,-0.0,0.0
1F,G,6,EYL,-0.1,0.0,0.2,-0.0,0.0
2F,A,2,EYL,-0.7,0.1,0.9,-0.2,0.2
2F,A,3,EYL,0.3,0.2,0.1,0.1,-0.1
2F,A,3A,EYL,0.1,-0.1,-0.2,0.1,-0.1
2F,A,4,EYL,-0.0,-0.0,-0.0,0.0,-0.0
2F,A,4A,EYL,-0.0,-0.0,-0.0,0.0,-0.0
2F,A,5,EYL,-0.2,-0.1,0.1,-0.1,0.1
2F,A,5A,EYL,0.1,0.2,0.3,-0.1,0.1
2F,A,6,EYL,0.9,0.1,-0.7,0.2,-0.2
2F,B,1,EYL,0.0,-0.0,-0.0,0.0,-0.0
2F,B,7,EYL,-0.0,-0.0,0.0,-0.0,0.0
2F,C,1,EYL,-0.0,-0.0,-0.0,0.0,-0.0
2F,C,2,EYL,-0.0,-0.0,0.0,-0.0,0.0
2F,C,3,EYL,0.0,0.0,0.0,0.0,-0.0
2F,C,3A,EYL,-0.0,-0.0,-0.0,0.0,-0.0
2F,C,4,EYL,-0.0,0.0,0.0,-0.0,0.0
2F,C,4A,EYL,0.0,0.0,-0.0,0.0,-0.0
2F,C,5,EYL,-0.0,-0.0,-0.0,-0.0,0.0
2F,C,5A,EYL,0.0,0.0,0.0,-0.0,0.0
2F,C,6,EYL,0.0,-0.0,-0.0,0.0,-0.0
2F,C,7,EYL,-0.0,-0.0,-0.0,-0.0,0.0
2F,D,1,EYL,0.0,-0.0,-0.0,0.0,-0.0
2F,D,2,EYL,-0.0,-0.0,-0.0,-0.0,0.0
2F,D,3,EYL,-0.0,0.9,1.8,-0.5,0.5
2F,D,3A,EYL,1.8,0.9,0.0,0.5,-0.5
2F,D,4,EYL,-0.0,-0.0,-0.0,0.0,-0.0
2F,D,4A,EYL,0.0,0.0,-0.0,0.0,-0.0
2F,D,5,EYL,0.0,0.9,1.8,-0.5,0.5
2F,D,5A,EYL,1.8,0.9,-0.0,0.5,-0.5
2F,D,6,EYL,-0.0,-0.0,-0.0,0.0,-0.0
2F,D,7,EYL,-0.0,-0.0,0.0,-0.0,0.0
2F,E,1,EYL,-0.0,0.0,0.0,-0.0,0.0
2F,E,2,EYL,0.0,0.0,0.0,0.0,-0.0
2F,E,3,EYL,-0.0,-0.0,0.0,-0.0,0.0
2F,E,3A,EYL,-0.0,0.0,0.0,-0.0,0.0
2F,E,4,EYL,0.0,0.0,0.0,-0.0,0.0
2F,E,4A,EYL,0.0,0.0,0.0,0.0,-0.0
2F,E,5,EYL,0.0,0.0,-0.0,0.0,-0.0
2F,E,5A,EYL,-0.0,-0.0,-0.0,0.0,-0.0
2F,E,6,EYL,0.0,0.0,0.0,-0.0,0.0
2F,E,7,EYL,0.0,0.0,-0.0,0.0,-0.0
2F,F,1,EYL,-0.0,0.0,0.0,-0.0,0.0
2F,F,7,EYL,0.0,0.0,-0.0,0.0,-0.0
2F,G,2,EYL,0.7,-0.1,-0.9,0.2,-0.2
2F,G,3,EYL,-0.3,-0.2,-0.1,-0.1,0.1
2F,G,3A,EYL,-0.1,0.1,0.2,-0.1,0.1
2F,G,4,EYL,0.0,0.0,0.0,0.0,-0.0
2F,G,4A,EYL,0.0,0.0,0.0,0.0,-0.0
2F,G,5,EYL,0.2,0.1,-0.1,0.1,-0.1
2F,G,5A,EYL,-0.1,-0.2,-0.3,0.1,-0.1
2F,G,6,EYL,-0.9,-0.1,0.7,-0.2,0.2
3F,A,2,EYL,-1.1,0.2,1.6,-0.4,0.4
3F,A,3,EYL,0.5,0.3,0.1,0.1,-0.1
3F,A,3A,EYL,0.1,-0.1,-0.3,0.1,-0.1
3F,A,4,EYL,-0.0,-0.0,-0.0,0.0,-0.0
3F,A,4A,EYL,-0.0,-0.0,-0.0,0.0,-0.0
3F,A,5,EYL,-0.3,-0.1,0.1,-0.1,0.1
3F,A,5A,EYL,0.1,0.3,0.5,-0.1,0.1
3F,A,6,EYL,1.6,0.2,-1.1,0.4,-0.4
3F,B,1,EYL,0.0,-0.0,-0.0,0.0,-0.0
3F,B,7,EYL,-0.0,-0.0,0.0,-0.0,0.0
3F,C,1,EYL,-0.0,-0.0,-0.0,0.0,-0.0
3F,C,2,EYL,-0.0,-0.0,0.0,-0.0,0.0
3F,C,3,EYL,0.0,0.0,-0.0,0.0,-0.0
3F,C,3A,EYL,-0.0,-0.0,-0.0,0.0,-0.0
3F,C,4,EYL,-0.0,0.0,0.0,-0.0,0.0
3F,C,4A,EYL,-0.0,-0.0,-0.0,0.0,-0.0
3F,C,5,EYL,-0.0,-0.0,0.0,-0.0,0.0
3F,C,5A,EYL,0.0,0.0,0.0,-0.0,0.0
3F,C,6,EYL,0.0,-0.0,-0.0,0.0,-0.0
3F,C,7,EYL,-0.0,-0.0,-0.0,-0.0,0.0
3F,D,1,EYL,-0.0,0.0,0.0,-0.0,0.0
3F,D,2,EYL,0.0,0.0,0.0,-0.0,0.0
3F,D,3,EYL,-0.0,-0.0,0.0,-0.0,0.0
3F,D,3A,EYL,0.0,0.0,0.0,-0.0,0.0
3F,D,4,EYL,0.0,-0.0,-0.0,0.0,-0.0
3F,D,4A,EYL,0.0,0.0,0.0,0.0,-0.0
3F,D,5,EYL,0.0,0.0,0.0,0.0,-0.0
3F,D,5A,EYL,0.0,-0.0,-0.0,0.0,-0.0
3F,D,6,EYL,0.0,0.0,0.0,0.0,-0.0
3F,D,7,EYL,0.0,0.0,-0.0,0.0,-0.0
3F,E,1,EYL,-0.0,0.0,0.0,-0.0,0.0
3F,E,2,EYL,0.0,0.0,0.0,0.0,-0.0
3F,E,3,EYL,-0.0,-0.0,0.0,-0.0,0.0
3F,E,3A,EYL,0.0,0.0,0.0,-0.0,0.0
3F,E,4,EYL,0.0,0.0,0.0,-0.0,0.0
3F,E,4A,EYL,-0.0,-0.0,0.0,-0.0,0.0
3F,E,5,EYL,0.0,0.0,0.0,0.0,-0.0
3F,E,5A,EYL,-0.0,-0.0,-0.0,0.0,-0.0
3F,E,6,EYL,0.0,0.0,0.0,-0.0,0.0
3F,E,7,EYL,0.0,0.0,-0.0,0.0,-0.0
3F,F,1,EYL,-0.0,0.0,0.0,-0.0,0.0
3F,F,7,EYL,0.0,0.0,-0.0,0.0,-0.0
3F,G,2,EYL,1.2,-0.2,-1.6,0.4,-0.4
3F,G,3,EYL,-0.5,-0.3,-0.1,-0.1,0.1
3F,G,3A,EYL,-0.1,0.1,0.3,-0.1,0.1
3F,G,4,EYL,0.0,0.0,0.0,0.0,-0.0
3F,G,4A,EYL,0.0,0.0,0.0,0.0,-0.0
3F,G,5,EYL,0.3,0.1,-0.1,0.1,-0.1
3F,G,5A,EYL,-0.1,-0.3,-0.5,0.1,-0.1
3F,G,6,EYL,-1.6,-0.2,1.2,-0.4,0.4
4F,A,2,EYL,-1.5,0.3,2.0,-0.5,0.5
4F,A,3,EYL,0.6,0.4,0.1,0.1,-0.1
4F,A,3A,EYL,0.1,-0.1,-0.4,0.1,-0.1
4F,A,4,EYL,-0.0,-0.0,-0.0,-0.0,0.0
4F,A,4A,EYL,-0.0,-0.0,-0.0,-0.0,0.0
4F,A,5,EYL,-0.4,-0.1,0.1,-0.1,0.1
4F,A,5A,EYL,0.1,0.4,0.6,-0.1,0.1
4F,A,6,EYL,2.0,0.3,-1.5,0.5,-0.5
4F,B,1,EYL,0.0,-0.0,-0.0,0.0,-0.0
4F,B,7,EYL,-0.0,-0.0,0.0,-0.0,0.0
4F,C,1,EYL,-0.0,-0.0,-0.0,0.0,-0.0
4F,C,2,EYL,-0.0,-0.0,0.0,-0.0,0.0
4F,C,3,EYL,0.0,0.0,0.0,0.0,-0.0
4F,C,3A,EYL,-0.0,-0.0,-0.0,0.0,-0.0
4F,C,4,EYL,-0.0,0.0,0.0,-0.0,0.0
4F,C,4A,EYL,-0.0,-0.0,-0.0,-0.0,0.0
4F,C,5,EYL,-0.0,-0.0,0.0,-0.0,0.0
4F,C,5A,EYL,0.0,0.0,0.0,-0.0,0.0
4F,C,6,EYL,0.0,-0.0,-0.0,0.0,-0.0
4F,C,7,EYL,-0.0,-0.0,-0.0,-0.0,0.0
4F,D,1,EYL,-0.0,0.0,0.0,-0.0,0.0
4F,D,2,EYL,0.0,0.0,0.0,-0.0,0.0
4F,D,3,EYL,-0.0,0.4,0.7,-0.2,0.2
4F,D,3A,EYL,0.7,0.4,0.0,0.2,-0.2
4F,D,4,EYL,0.0,-0.0,-0.0,0.0,-0.0
4F,D,4A,EYL,0.0,0.0,0.0,-0.0,0.0
4F,D,5,EYL,0.0,0.4,0.7,-0.2,0.2
4F,D,5A,EYL,0.7,0.4,-0.0,0.2,-0.2
4F,D,6,EYL,0.0,0.0,0.0,0.0,-0.0
4F,D,7,EYL,0.0,0.0,-0.0,0.0,-0.0
4F,E,1,EYL,-0.0,0.0,0.0,-0.0,0.0
4F,E,2,EYL,0.0,0.0,0.0,0.0,-0.0
4F,E,3,EYL,-0.0,-0.0,0.0,-0.0,0.0
4F,E,3A,EYL,0.0,0.0,0.0,-0.0,0.0
4F,E,4,EYL,0.0,0.0,0.0,-0.0,0.0
4F,E,4A,EYL,-0.0,-0.0,0.0,-0.0,0.0
4F,E,5,EYL,0.0,0.0,0.0,0.0,-0.0
4F,E,5A,EYL,0.0,-0.0,-0.0,0.0,-0.0
4F,E,6,EYL,0.0,0.0,0.0,-0.0,0.0
4F,E,7,EYL,0.0,0.0,-0.0,0.0,-0.0
4F,F,1,EYL,-0.0,0.0,0.0,-0.0,0.0
4F,F,7,EYL,0.0,0.0,-0.0,0.0,-0.0
4F,G,2,EYL,1.5,-0.3,-2.1,0.5,-0.5
4F,G,3,EYL,-0.7,-0.4,-0.1,-0.1,0.1
4F,G,3A,EYL,-0.1,0.1,0.4,-0.1,0.1
4F,G,4,EYL,0.1,0.1,0.1,0.0,-0.0
4F,G,4A,EYL,0.1,0.1,0.1,0.0,-0.0
4F,G,5,EYL,0.4,0.1,-0.1,0.1,-0.1
4F,G,5A,EYL,-0.1,-0.4,-0.7,0.1,-0.1
4F,G,6,EYL,-2.1,-0.3,1.5,-0.5,0.5
5F,A,2,EYL,-1.8,0.3,2.4,-0.6,0.6
5F,A,3,EYL,0.7,0.4,0.1,0.2,-0.2
5F,A,3A,EYL,0.1,-0.2,-0.4,0.2,-0.2
5F,A,4,EYL,-0.0,-0.0,-0.0,-0.0,0.0
5F,A,4A,EYL,-0.0,-0.0,-0.0,-0.0,0.0
5F,A,5,EYL,-0.4,-0.2,0.1,-0.2,0.2
5F,A,5A,EYL,0.1,0.4,0.7,-0.2,0.2
5F,A,6,EYL,2.4,0.3,-1.8,0.6,-0.6
5F,B,1,EYL,0.0,-0.0,-0.0,0.0,-0.0
5F,B,7,EYL,-0.0,-0.0,0.0,-0.0,0.0
5F,C,1,EYL,-0.0,-0.0,-0.0,0.0,-0.0
5F,C,2,EYL,-0.0,-0.0,0.0,-0.0,0.0
5F,C,3,EYL,0.0,0.0,-0.0,0.0,-0.0
5F,C,3A,EYL,0.0,-0.0,-0.0,0.0,-0.0
5F,C,4,EYL,-0.0,0.0,0.0,-0.0,0.0
5F,C,4A,EYL,0.0,0.0,-0.0,0.0,-0.0
5F,C,5,EYL,-0.0,-0.0,-0.0,-0.0,0.0
5F,C,5A,EYL,0.0,0.0,0.0,-0.0,0.0
5F,C,6,EYL,0.0,-0.0,-0.0,0.0,-0.0
5F,C,7,EYL,-0.0,-0.0,-0.0,-0.0,0.0
5F,D,1,EYL,-0.0,-0.0,-0.0,0.0,-0.0
5F,D,2,EYL,-0.0,0.0,0.0,-0.0,0.0
5F,D,3,EYL,-0.0,-0.0,-0.0,-0.0,0.0
5F,D,3A,EYL,-0.0,0.0,0.0,-0.0,0.0
5F,D,4,EYL,0.0,0.0,0.0,-0.0,0.0
5F,D,4A,EYL,-0.0,-0.0,0.0,-0.0,0.0
5F,D,5,EYL,0.0,0.0,0.0,0.0,-0.0
5F,D,5A,EYL,0.0,-0.0,-0.0,0.0,-0.0
5F,D,6,EYL,0.0,0.0,-0.0,0.0,-0.0
5F,D,7,EYL,-0.0,-0.0,-0.0,-0.0,0.0
5F,E,1,EYL,0.0,0.0,0.0,-0.0,0.0
5F,E,2,EYL,0.0,0.0,-0.0,0.0,-0.0
5F,E,3,EYL,-0.0,-0.0,-0.0,-0.0,0.0
5F,E,3A,EYL,0.0,0.0,0.0,-0.0,0.0
5F,E,4,EYL,0.0,0.0,0.0,0.0,-0.0
5F,E,4A,EYL,-0.0,-0.0,0.0,-0.0,0.0
5F,E,5,EYL,0.0,0.0,0.0,0.0,-0.0
5F,E,5A,EYL,0.0,-0.0,-0.0,0.0,-0.0
5F,E,6,EYL,-0.0,0.0,0.0,-0.0,0.0
5F,E,7,EYL,0.0,0.0,0.0,0.0,-0.0
5F,F,1,EYL,-0.0,0.0,0.0,-0.0,0.0
5F,F,7,EYL,0.0,0.0,-0.0,0.0,-0.0
5F,G,2,EYL,1.8,-0.3,-2.5,0.6,-0.6
5F,G,3,EYL,-0.8,-0.5,-0.1,-0.2,0.2
5F,G,3A,EYL,-0.1,0.2,0.5,-0.2,0.2
5F,G,4,EYL,0.1,0.1,0.1,0.0,-0.0
5F,G,4A,EYL,0.1,0.1,0.1,0.0,-0.0
5F,G,5,EYL,0.5,0.2,-0.1,0.2,-0.2
5F,G,5A,EYL,-0.1,-0.5,-0.8,0.2,-0.2
5F,G,6,EYL,-2.5,-0.3,1.8,-0.6,0.6
RF,A,2,EYL,-1.1,0.4,2.0,-0.4,0.4
RF,A,3,EYL,0.9,0.6,0.2,0.2,-0.2
RF,A,3A,EYL,0.2,-0.1,-0.4,0.2,-0.2
RF,A,4,EYL,-0.1,-0.1,-0.1,-0.0,0.0
RF,A,4A,EYL,-0.1,-0.1,-0.1,-0.0,0.0
RF,A,5,EYL,-0.4,-0.1,0.2,-0.2,0.2
RF,A,5A,EYL,0.2,0.6,0.9,-0.2,0.2
RF,A,6,EYL,2.0,0.4,-1.1,0.4,-0.4
RF,B,1,EYL,0.0,-0.0,-0.0,0.0,-0.0
RF,B,7,EYL,-0.0,-0.0,0.0,-0.0,0.0
RF,C,1,EYL,-0.0,-0.0,-0.0,0.0,-0.0
RF,C,2,EYL,-0.0,-0.0,0.0,-0.0,0.0
RF,C,3,EYL,0.0,0.0,0.0,0.0,-0.0
RF,C,3A,EYL,0.0,-0.0,-0.0,0.0,-0.0
RF,C,4,EYL,-0.0,0.0,0.0,-0.0,0.0
RF,C,4A,EYL,-0.0,-0.0,-0.0,0.0,-0.0
RF,C,5,EYL,-0.0,-0.0,-0.0,-0.0,0.0
RF,C,5A,EYL,0.0,0.0,0.0,-0.0,0.0
RF,C,6,EYL,0.0,-0.0,-0.0,0.0,-0.0
RF,C,7,EYL,-0.0,-0.0,-0.0,-0.0,0.0
RF,D,1,EYL,-0.0,-0.0,-0.0,0.0,-0.0
RF,D,2,EYL,-0.0,0.0,0.0,-0.0,0.0
RF,D,3,EYL,-0.0,-0.0,-0.0,-0.0,0.0
RF,D,3A,EYL,-0.0,0.0,0.0,-0.0,0.0
RF,D,4,EYL,0.0,-0.0,-0.0,0.0,-0.0
RF,D,4A,EYL,0.0,0.0,0.0,-0.0,0.0
RF,D,5,EYL,0.0,0.0,0.0,0.0,-0.0
RF,D,5A,EYL,0.0,-0.0,-0.0,0.0,-0.0
RF,D,6,EYL,0.0,0.0,-0.0,0.0,-0.0
RF,D,7,EYL,-0.0,-0.0,-0.0,-0.0,0.0
RF,E,1,EYL,0.0,0.0,0.0,-0.0,0.0
RF,E,2,EYL,0.0,0.0,-0.0,0.0,-0.0
RF,E,3,EYL,-0.0,-0.0,0.0,-0.0,0.0
RF,E,3A,EYL,0.0,0.0,0.0,-0.0,0.0
RF,E,4,EYL,0.0,0.0,-0.0,0.0,-0.0
RF,E,4A,EYL,-0.0,-0.0,0.0,-0.0,0.0
RF,E,5,EYL,0.0,0.0,-0.0,0.0,-0.0
RF,E,5A,EYL,0.0,-0.0,-0.0,0.0,-0.0
RF,E,6,EYL,-0.0,0.0,0.0,-0.0,0.0
RF,E,7,EYL,0.0,0.0,0.0,0.0,-0.0
RF,F,1,EYL,-0.0,0.0,0.0,-0.0,0.0
RF,F,7,EYL,0.0,0.0,-0.0,0.0,-0.0
RF,G,2,EYL,1.2,-0.5,-2.1,0.4,-0.4
RF,G,3,EYL,-1.0,-0.6,-0.2,-0.2,0.2
RF,G,3A,EYL,-0.2,0.1,0.5,-0.2,0.2
RF,G,4,EYL,0.1,0.1,0.1,0.0,-0.0
RF,G,4A,EYL,0.1,0.1,0.1,0.0,-0.0
RF,G,5,EYL,0.5,0.1,-0.2,0.2,-0.2
RF,G,5A,EYL,-0.2,-0.6,-1.0,0.2,-0.2
RF,G,6,EYL,-2.1,-0.5,1.2,-0.4,0.4
1F,1,B,EYL,-366.0,-29.7,306.7,-87.4,87.4
1F,1,C,EYL,-253.0,-129.0,-5.0,-66.1,66.1
1F,1,D,EYL,-5.0,119.1,243.1,-66.1,66.1
1F,1,E,EYL,-297.2,39.4,376.1,-87.4,87.4
1F,2,A,EYL,-42.8,34.5,111.7,-32.2,32.2
1F,2,F,EYL,-111.7,-34.5,42.8,-32.2,32.2
1F,3,C,EYL,-497.3,-219.7,57.9,-148.0,148.0
1F,3,D,EYL,-59.3,220.9,501.1,-149.4,149.4
1F,4,C,EYL,-461.8,-201.7,58.4,-138.7,138.7
1F,4,D,EYL,-58.5,201.8,462.2,-138.8,138.8
1F,5,C,EYL,-461.8,-201.7,58.4,-138.7,138.7
1F,5,D,EYL,-58.5,201.8,462.2,-138.8,138.8
1F,6,C,EYL,-497.3,-219.7,57.9,-148.0,148.0
1F,6,D,EYL,-59.3,220.9,501.1,-149.4,149.4
1F,7,A,EYL,-42.8,34.5,111.7,-32.2,32.2
1F,7,F,EYL,-111.7,-34.5,42.8,-32.2,32.2
1F,8,B,EYL,-366.0,-29.7,306.7,-87.4,87.4
1F,8,C,EYL,-253.0,-129.0,-5.0,-66.1,66.1
1F,8,D,EYL,-5.0,119.1,243.1,-66.1,66.1
1F,8,E,EYL,-297.2,39.4,376.1,-87.4,87.4
2F,1,B,EYL,-268.3,-11.1,246.0,-66.8,66.8
2F,1,C,EYL,-244.4,-89.6,65.3,-82.6,82.6
2F,1,D,EYL,65.3,99.9,134.5,-18.4,18.4
2F,1,E,EYL,-303.7,1.2,306.0,-79.2,79.2
2F,2,A,EYL,-0.0,-0.0,0.0,-0.0,0.0
2F,2,B,EYL,-0.0,-0.0,0.0,-0.0,0.0
2F,2,C,EYL,0.0,0.0,0.0,-0.0,0.0
2F,2,D,EYL,0.0,-0.0,-0.0,0.0,-0.0
2F,2,E,EYL,-0.0,0.0,0.0,-0.0,0.0
2F,2,F,EYL,-0.0,0.0,0.0,-0.0,0.0
2F,3,A,EYL,-0.0,23.9,47.8,-10.0,10.0
2F,3,B,EYL,47.8,86.2,124.6,-10.0,10.0
2F,3,C,EYL,-229.0,-114.5,0.0,-61.1,61.1
2F,3,D,EYL,-0.0,124.0,248.0,-66.1,66.1
2F,3,E,EYL,-121.4,-84.0,-46.6,-9.7,9.7
2F,3,F,EYL,-46.6,-23.3,0.0,-9.7,9.7
2F,4,A,EYL,-0.0,21.2,42.5,-8.9,8.9
2F,4,B,EYL,42.5,76.6,110.7,-8.9,8.9
2F,4,C,EYL,-260.8,-130.4,0.0,-69.6,69.6
2F,4,D,EYL,-0.0,131.1,262.3,-70.0,70.0
2F,4,E,EYL,-110.5,-76.4,-42.4,-8.8,8.8
2F,4,F,EYL,-42.4,-21.2,0.0,-8.8,8.8
2F,5,A,EYL,-0.0,21.2,42.5,-8.9,8.9
2F,5,B,EYL,42.5,76.6,110.7,-8.9,8.9
2F,5,C,EYL,-260.8,-130.4,0.0,-69.6,69.6
2F,5,D,EYL,-0.0,131.1,262.3,-70.0,70.0
2F,5,E,EYL,-110.5,-76.4,-42.4,-8.8,8.8
2F,5,F,EYL,-42.4,-21.2,0.0,-8.8,8.8
2F,6,A,EYL,-0.0,23.9,47.8,-10.0,10.0
2F,6,B,EYL,47.8,86.2,124.6,-10.0,10.0
2F,6,C,EYL,-229.0,-114.5,0.0,-61.1,61.1
2F,6,D,EYL,-0.0,124.0,248.0,-66.1,66.1
2F,6,E,EYL,-121.4,-84.0,-46.6,-9.7,9.7
2F,6,F,EYL,-46.6,-23.3,0.0,-9.7,9.7
2F,7,A,EYL,-0.0,-0.0,0.0,-0.0,0.0
2F,7,B,EYL,-0.0,-0.0,0.0,-0.0,0.0
2F,7,C,EYL,0.0,0.0,0.0,-0.0,0.0
2F,7,D,EYL,0.0,-0.0,-0.0,0.0,-0.0
2F,7,E,EYL,-0.0,0.0,0.0,-0.0,0.0
2F,7,F,EYL,-0.0,0.0,0.0,-0.0,0.0
2F,8,B,EYL,-268.3,-11.1,246.0,-66.8,66.8
2F,8,C,EYL,-244.4,-89.6,65.3,-82.6,82.6
2F,8,D,EYL,65.3,99.9,134.5,-18.4,18.4
2F,8,E,EYL,-303.7,1.2,306.0,-79.2,79.2
3F,1,B,EYL,-343.8,-5.6,332.6,-87.8,87.8
3F,1,C,EYL,-231.4,-117.7,-4.1,-60.6,60.6
3F,1,D,EYL,-4.1,109.6,223.2,-60.6,60.6
3F,1,E,EYL,-385.8,5.1,396.0,-101.5,101.5
3F,2,A,EYL,-0.0,0.0,0.0,-0.0,0.0
3F,2,B,EYL,-0.0,-0.0,0.0,-0.0,0.0
3F,2,C,EYL,0.0,0.0,-0.0,0.0,-0.0
3F,2,D,EYL,-0.0,-0.0,-0.0,0.0,-0.0
3F,2,E,EYL,-0.0,0.0,0.0,-0.0,0.0
3F,2,F,EYL,-0.0,-0.0,0.0,-0.0,0.0
3F,3,A,EYL,-0.0,31.8,63.7,-13.3,13.3
3F,3,B,EYL,63.7,114.8,165.9,-13.3,13.3
3F,3,C,EYL,-267.1,-133.5,0.0,-71.2,71.2
3F,3,D,EYL,-0.0,150.6,301.2,-80.3,80.3
3F,3,E,EYL,-159.9,-110.6,-61.4,-12.8,12.8
3F,3,F,EYL,-61.4,-30.7,0.0,-12.8,12.8
3F,4,A,EYL,-0.0,27.2,54.5,-11.4,11.4
3F,4,B,EYL,54.5,98.2,142.0,-11.4,11.4
3F,4,C,EYL,-328.1,-164.1,0.0,-87.5,87.5
3F,4,D,EYL,-0.0,165.5,331.0,-88.3,88.3
3F,4,E,EYL,-141.6,-98.0,-54.4,-11.3,11.3
3F,4,F,EYL,-54.4,-27.2,0.0,-11.3,11.3
3F,5,A,EYL,-0.0,27.2,54.5,-11.4,11.4
3F,5,B,EYL,54.5,98.2,142.0,-11.4,11.4
3F,5,C,EYL,-328.1,-164.0,0.0,-87.5,87.5
3F,5,D,EYL,-0.0,165.5,331.0,-88.3,88.3
3F,5,E,EYL,-141.6,-98.0,-54.4,-11.3,11.3
3F,5,F,EYL,-54.4,-27.2,0.0,-11.3,11.3
3F,6,A,EYL,-0.0,31.8,63.7,-13.3,13.3
3F,6,B,EYL,63.7,114.8,165.9,-13.3,13.3
3F,6,C,EYL,-267.1,-133.5,0.0,-71.2,71.2
3F,6,D,EYL,-0.0,150.6,301.2,-80.3,80.3
3F,6,E,EYL,-159.9,-110.6,-61.4,-12.8,12.8
3F,6,F,EYL,-61.4,-30.7,0.0,-12.8,12.8
3F,7,A,EYL,-0.0,0.0,0.0,-0.0,0.0
3F,7,B,EYL,-0.0,-0.0,0.0,-0.0,0.0
3F,7,C,EYL,0.0,0.0,-0.0,0.0,-0.0
3F,7,D,EYL,-0.0,-0.0,-0.0,0.0,-0.0
3F,7,E,EYL,-0.0,0.0,0.0,-0.0,0.0
3F,7,F,EYL,-0.0,-0.0,0.0,-0.0,0.0
3F,8,B,EYL,-343.8,-5.6,332.6,-87.8,87.8
3F,8,C,EYL,-231.4,-117.7,-4.1,-60.6,60.6
3F,8,D,EYL,-4.1,109.6,223.2,-60.6,60.6
3F,8,E,EYL,-385.8,5.1,396.0,-101.5,101.5
4F,1,B,EYL,-376.3,-8.0,360.3,-95.7,95.7
4F,1,C,EYL,-263.5,-133.2,-3.0,-69.5,69.5
4F,1,D,EYL,-3.0,127.3,257.6,-69.5,69.5
4F,1,E,EYL,-416.7,6.3,429.2,-109.9,109.9
4F,2,A,EYL,-0.0,-0.0,0.0,-0.0,0.0
4F,2,B,EYL,-0.0,-0.0,0.0,-0.0,0.0
4F,2,C,EYL,0.0,0.0,-0.0,0.0,-0.0
4F,2,D,EYL,-0.0,-0.0,-0.0,0.0,-0.0
4F,2,E,EYL,-0.0,0.0,0.0,-0.0,0.0
4F,2,F,EYL,-0.0,0.0,0.0,-0.0,0.0
4F,3,A,EYL,-0.0,35.0,70.1,-14.6,14.6
4F,3,B,EYL,70.1,126.4,182.6,-14.6,14.6
4F,3,C,EYL,-292.9,-146.4,0.0,-78.1,78.1
4F,3,D,EYL,-0.0,156.5,313.0,-83.5,83.5
4F,3,E,EYL,-182.3,-126.2,-70.0,-14.6,14.6
4F,3,F,EYL,-70.0,-35.0,0.1,-14.6,14.6
4F,4,A,EYL,-0.0,30.3,60.7,-12.7,12.7
4F,4,B,EYL,60.7,109.5,158.2,-12.7,12.7
4F,4,C,EYL,-357.6,-178.8,0.0,-95.4,95.4
4F,4,D,EYL,-0.0,180.9,361.8,-96.5,96.5
4F,4,E,EYL,-157.7,-109.1,-60.5,-12.6,12.6
4F,4,F,EYL,-60.5,-30.2,0.0,-12.6,12.6
4F,5,A,EYL,-0.0,30.3,60.7,-12.7,12.7
4F,5,B,EYL,60.7,109.5,158.2,-12.7,12.7
4F,5,C,EYL,-357.6,-178.8,0.0,-95.4,95.4
4F,5,D,EYL,-0.0,180.9,361.8,-96.5,96.5
4F,5,E,EYL,-157.7,-109.1,-60.5,-12.6,12.6
4F,5,F,EYL,-60.5,-30.2,0.0,-12.6,12.6
4F,6,A,EYL,-0.0,35.0,70.1,-14.6,14.6
4F,6,B,EYL,70.1,126.4,182.6,-14.6,14.6
4F,6,C,EYL,-292.9,-146.4,0.0,-78.1,78.1
4F,6,D,EYL,-0.0,156.5,313.0,-83.5,83.5
4F,6,E,EYL,-182.3,-126.2,-70.0,-14.6,14.6
4F,6,F,EYL,-70.0,-35.0,0.1,-14.6,14.6
4F,7,A,EYL,-0.0,-0.0,0.0,-0.0,0.0
4F,7,B,EYL,-0.0,-0.0,0.0,-0.0,0.0
4F,7,C,EYL,0.0,0.0,-0.0,0.0,-0.0
4F,7,D,EYL,-0.0,-0.0,-0.0,0.0,-0.0
4F,7,E,EYL,-0.0,0.0,0.0,-0.0,0.0
4F,7,F,EYL,-0.0,0.0,0.0,-0.0,0.0
4F,8,B,EYL,-376.3,-8.0,360.3,-95.7,95.7
4F,8,C,EYL,-263.5,-133.2,-3.0,-69.5,69.5
4F,8,D,EYL,-3.0,127.3,257.6,-69.5,69.5
4F,8,E,EYL,-416.7,6.3,429.2,-109.9,109.9
5F,1,B,EYL,-355.2,-7.6,340.0,-90.3,90.3
5F,1,C,EYL,-251.7,-127.3,-2.9,-66.3,66.3
5F,1,D,EYL,-2.9,121.5,245.9,-66.3,66.3
5F,1,E,EYL,-396.7,6.3,409.2,-104.7,104.7
5F,2,A,EYL,-0.0,0.0,0.0,-0.0,0.0
5F,2,B,EYL,-0.0,-0.0,0.0,-0.0,0.0
5F,2,C,EYL,0.0,0.0,0.0,0.0,-0.0
5F,2,D,EYL,-0.0,-0.0,-0.0,0.0,-0.0
5F,2,E,EYL,-0.0,0.0,0.0,-0.0,0.0
5F,2,F,EYL,-0.0,-0.0,0.0,-0.0,0.0
5F,3,A,EYL,-0.0,33.6,67.3,-14.0,14.0
5F,3,B,EYL,67.3,121.3,175.3,-14.0,14.0
5F,3,C,EYL,-269.5,-134.7,0.0,-71.9,71.9
5F,3,D,EYL,-0.0,131.0,262.1,-69.9,69.9
5F,3,E,EYL,-183.1,-126.7,-70.3,-14.6,14.6
5F,3,F,EYL,-70.3,-35.1,0.0,-14.6,14.6
5F,4,A,EYL,-0.0,29.3,58.6,-12.2,12.2
5F,4,B,EYL,58.6,105.6,152.6,-12.2,12.2
5F,4,C,EYL,-335.1,-167.5,0.0,-89.4,89.4
5F,4,D,EYL,-0.0,170.5,341.0,-90.9,90.9
5F,4,E,EYL,-151.8,-105.1,-58.3,-12.1,12.1
5F,4,F,EYL,-58.3,-29.1,0.0,-12.1,12.1
5F,5,A,EYL,-0.0,29.3,58.6,-12.2,12.2
5F,5,B,EYL,58.6,105.6,152.6,-12.2,12.2
5F,5,C,EYL,-335.1,-167.5,0.0,-89.4,89.4
5F,5,D,EYL,-0.0,170.5,341.0,-90.9,90.9
5F,5,E,EYL,-151.8,-105.1,-58.3,-12.1,12.1
5F,5,F,EYL,-58.3,-29.1,0.0,-12.1,12.1
5F,6,A,EYL,-0.0,33.6,67.3,-14.0,14.0
5F,6,B,EYL,67.3,121.3,175.3,-14.0,14.0
5F,6,C,EYL,-269.5,-134.7,0.0,-71.9,71.9
5F,6,D,EYL,-0.0,131.0,262.1,-69.9,69.9
5F,6,E,EYL,-183.1,-126.7,-70.3,-14.6,14.6
5F,6,F,EYL,-70.3,-35.1,0.0,-14.6,14.6
5F,7,A,EYL,-0.0,0.0,0.0,-0.0,0.0
5F,7,B,EYL,-0.0,-0.0,0.0,-0.0,0.0
5F,7,C,EYL,0.0,0.0,0.0,0.0,-0.0
5F,7,D,EYL,-0.0,-0.0,-0.0,0.0,-0.0
5F,7,E,EYL,-0.0,0.0,0.0,-0.0,0.0
5F,7,F,EYL,-0.0,-0.0,0.0,-0.0,0.0
5F,8,B,EYL,-355.2,-7.6,340.0,-90.3,90.3
5F,8,C,EYL,-251.7,-127.3,-2.9,-66.3,66.3
5F,8,D,EYL,-2.9,121.5,245.9,-66.3,66.3
5F,8,E,EYL,-396.7,6.3,409.2,-104.7,104.7
RF,1,B,EYL,-238.9,-6.3,226.3,-60.4,60.4
RF,1,C,EYL,-151.4,-78.0,-4.6,-39.2,39.2
RF,1,D,EYL,-4.6,68.8,142.2,-39.2,39.2
RF,1,E,EYL,-269.4,3.4,276.3,-70.9,70.9
RF,2,A,EYL,-0.0,-0.0,0.0,-0.0,0.0
RF,2,B,EYL,-0.0,-0.0,0.0,-0.0,0.0
RF,2,C,EYL,0.0,0.0,-0.0,0.0,-0.0
RF,2,D,EYL,-0.0,-0.0,-0.0,0.0,-0.0
RF,2,E,EYL,-0.0,0.0,0.0,-0.0,0.0
RF,2,F,EYL,-0.0,0.0,0.0,-0.0,0.0
RF,3,A,EYL,-0.0,25.9,51.8,-10.8,10.8
RF,3,B,EYL,51.8,93.5,135.1,-10.8,10.8
RF,3,C,EYL,-164.0,-82.0,0.0,-43.7,43.7
RF,3,D,EYL,-0.0,78.0,155.9,-41.6,41.6
RF,3,E,EYL,-142.4,-98.6,-54.7,-11.4,11.4
RF,3,F,EYL,-54.7,-27.3,0.0,-11.4,11.4
RF,4,A,EYL,-0.0,20.4,40.9,-8.5,8.5
RF,4,B,EYL,40.9,73.8,106.6,-8.5,8.5
RF,4,C,EYL,-213.8,-106.9,0.0,-57.0,57.0
RF,4,D,EYL,-0.0,109.2,218.4,-58.2,58.2
RF,4,E,EYL,-105.4,-73.0,-40.5,-8.4,8.4
RF,4,F,EYL,-40.5,-20.2,0.0,-8.4,8.4
RF,5,A,EYL,-0.0,20.4,40.9,-8.5,8.5
RF,5,B,EYL,40.9,73.8,106.6,-8.5,8.5
RF,5,C,EYL,-213.8,-106.9,0.0,-57.0,57.0
RF,5,D,EYL,-0.0,109.2,218.4,-58.2,58.2
RF,5,E,EYL,-105.4,-73.0,-40.5,-8.4,8.4
RF,5,F,EYL,-40.5,-20.2,0.0,-8.4,8.4
RF,6,A,EYL,-0.0,25.9,51.8,-10.8,10.8
RF,6,B,EYL,51.8,93.5,135.1,-10.8,10.8
RF,6,C,EYL,-164.0,-82.0,0.0,-43.7,43.7
RF,6,D,EYL,-0.0,78.0,155.9,-41.6,41.6
RF,6,E,EYL,-142.4,-98.6,-54.7,-11.4,11.4
RF,6,F,EYL,-54.7,-27.3,0.0,-11.4,11.4
RF,7,A,EYL,-0.0,-0.0,0.0,-0.0,0.0
RF,7,B,EYL,-0.0,-0.0,0.0,-0.0,0.0
RF,7,C,EYL,0.0,0.0,-0.0,0.0,-0.0
RF,7,D,EYL,-0.0,-0.0,-0.0,0.0,-0.0
RF,7,E,EYL,-0.0,0.0,0.0,-0.0,0.0
RF,7,F,EYL,-0.0,0.0,0.0,-0.0,0.0
RF,8,B,EYL,-238.9,-6.3,226.3,-60.4,60.4
RF,8,C,EYL,-151.4,-78.0,-4.6,-39.2,39.2
RF,8,D,EYL,-4.6,68.8,142.2,-39.2,39.2
RF,8,E,EYL,-269.4,3.4,276.3,-70.9,70.9
1F,A,2,EYR,0.2,0.0,-0.1,0.0,-0.0
1F,A,3,EYR,0.0,0.0,0.0,0.0,-0.0
1F,A,4,EYR,-0.0,-0.0,-0.0,0.0,-0.0
1F,A,5,EYR,0.0,0.0,0.0,-0.0,0.0
1F,A,6,EYR,-0.1,0.0,0.2,-0.0,0.0
1F,B,1,EYR,-0.0,-0.0,0.0,-0.0,0.0
1F,B,7,EYR,0.0,-0.0,-0.0,0.0,-0.0
1F,C,3,EYR,-0.0,-0.0,0.0,-0.0,0.0
1F,C,5,EYR,0.0,-0.0,-0.0,0.0,-0.0
1F,E,3,EYR,0.0,-0.0,-0.0,0.0,-0.0
1F,E,5,EYR,-0.0,-0.0,0.0,-0.0,0.0
1F,F,1,EYR,0.0,0.0,-0.0,0.0,-0.0
1F,F,7,EYR,-0.0,0.0,0.0,-0.0,0.0
1F,G,2,EYR,-0.2,-0.0,0.1,-0.0,0.0
1F,G,3,EYR,-0.0,-0.0,-0.0,-0.0,0.0
1F,G,4,EYR,0.0,0.0,0.0,-0.0,0.0
1F,G,5,EYR,-0.0,-0.0,-0.0,0.0,-0.0
1F,G,6,EYR,0.1,-0.0,-0.2,0.0,-0.0
2F,A,2,EYR,0.7,-0.1,-0.9,0.2,-0.2
2F,A,3,EYR,-0.3,-0.2,-0.1,-0.1,0.1
2F,A,3A,EYR,-0.1,0.1,0.2,-0.1,0.1
2F,A,4,EYR,0.0,0.0,0.0,-0.0,0.0
2F,A,4A,EYR,0.0,0.0,0.0,-0.0,0.0
2F,A,5,EYR,0.2,0.1,-0.1,0.1,-0.1
2F,A,5A,EYR,-0.1,-0.2,-0.3,0.1,-0.1
2F,A,6,EYR,-0.9,-0.1,0.7,-0.2,0.2
2F,B,1,EYR,-0.0,0.0,0.0,-0.0,0.0
2F,B,7,EYR,0.0,0.0,-0.0,0.0,-0.0
2F,C,1,EYR,-0.0,0.0,0.0,-0.0,0.0
2F,C,2,EYR,0.0,0.0,0.0,0.0,-0.0
2F,C,3,EYR,-0.0,-0.0,-0.0,-0.0,0.0
2F,C,3A,EYR,-0.0,0.0,0.0,-0.0,0.0
2F,C,4,EYR,0.0,0.0,0.0,-0.0,0.0
2F,C,4A,EYR,0.0,0.0,0.0,0.0,-0.0
2F,C,5,EYR,0.0,0.0,0.0,0.0,-0.0
2F,C,5A,EYR,-0.0,-0.0,-0.0,0.0,-0.0
2F,C,6,EYR,0.0,0.0,0.0,-0.0,0.0
2F,C,7,EYR,0.0,0.0,-0.0,0.0,-0.0
2F,D,1,EYR,0.0,-0.0,-0.0,0.0,-0.0
2F,D,2,EYR,-0.0,-0.0,-0.0,-0.0,0.0
2F,D,3,EYR,-0.0,0.9,1.8,-0.5,0.5
2F,D,3A,EYR,1.8,0.9,0.0,0.5,-0.5
2F,D,4,EYR,-0.0,0.0,0.0,-0.0,0.0
2F,D,4A,EYR,0.0,0.0,-0.0,0.0,-0.0
2F,D,5,EYR,0.0,0.9,1.8,-0.5,0.5
2F,D,5A,EYR,1.8,0.9,-0.0,0.5,-0.5
2F,D,6,EYR,-0.0,-0.0,-0.0,0.0,-0.0
2F,D,7,EYR,-0.0,-0.0,0.0,-0.0,0.0
2F,E,1,EYR,-0.0,-0.0,-0.0,0.0,-0.0
2F,E,2,EYR,-0.0,-0.0,0.0,-0.0,0.0
2F,E,3,EYR,0.0,0.0,0.0,0.0,-0.0
2F,E,3A,EYR,-0.0,-0.0,-0.0,0.0,-0.0
2F,E,4,EYR,-0.0,-0.0,-0.0,0.0,-0.0
2F,E,4A,EYR,-0.0,-0.0,-0.0,-0.0,0.0
2F,E,5,EYR,-0.0,-0.0,-0.0,-0.0,0.0
2F,E,5A,EYR,-0.0,0.0,0.0,-0.0,0.0
2F,E,6,EYR,0.0,-0.0,-0.0,0.0,-0.0
2F,E,7,EYR,-0.0,-0.0,-0.0,-0.0,0.0
2F,F,1,EYR,0.0,-0.0,-0.0,0.0,-0.0
2F,F,7,EYR,-0.0,-0.0,0.0,-0.0,0.0
2F,G,2,EYR,-0.7,0.1,0.9,-0.2,0.2
2F,G,3,EYR,0.3,0.2,0.1,0.1,-0.1
2F,G,3A,EYR,0.1,-0.1,-0.2,0.1,-0.1
2F,G,4,EYR,-0.0,-0.0,-0.0,0.0,-0.0
2F,G,4A,EYR,-0.0,-0.0,-0.0,0.0,-0.0
2F,G,5,EYR,-0.2,-0.1,0.1,-0.1,0.1
2F,G,5A,EYR,0.1,0.2,0.3,-0.1,0.1
2F,G,6,EYR,0.9,0.1,-0.7,0.2,-0.2
3F,A,2,EYR,1.2,-0.2,-1.6,0.4,-0.4
3F,A,3,EYR,-0.5,-0.3,-0.1,-0.1,0.1
3F,A,3A,EYR,-0.1,0.1,0.3,-0.1,0.1
3F,A,4,EYR,0.0,0.0,0.0,-0.0,0.0
3F,A,4A,EYR,0.0,0.0,0.0,-0.0,0.0
3F,A,5,EYR,0.3,0.1,-0.1,0.1,-0.1
3F,A,5A,EYR,-0.1,-0.3,-0.5,0.1,-0.1
3F,A,6,EYR,-1.6,-0.2,1.2,-0.4,0.4
3F,B,1,EYR,-0.0,0.0,0.0,-0.0,0.0
3F,B,7,EYR,0.0,0.0,-0.0,0.0,-0.0
3F,C,1,EYR,-0.0,0.0,0.0,-0.0,0.0
3F,C,2,EYR,0.0,0.0,0.0,0.0,-0.0
3F,C,3,EYR,-0.0,-0.0,0.0,-0.0,0.0
3F,C,3A,EYR,0.0,0.0,0.0,-0.0,0.0
3F,C,4,EYR,0.0,0.0,-0.0,0.0,-0.0
3F,C,4A,EYR,0.0,0.0,0.0,0.0,-0.0
3F,C,5,EYR,0.0,0.0,-0.0,0.0,-0.0
3F,C,5A,EYR,-0.0,-0.0,-0.0,0.0,-0.0
3F,C,6,EYR,0.0,0.0,0.0,-0.0,0.0
3F,C,7,EYR,0.0,0.0,-0.0,0.0,-0.0
3F,D,1,EYR,-0.0,0.0,0.0,-0.0,0.0
3F,D,2,EYR,0.0,0.0,0.0,-0.0,0.0
3F,D,3,EYR,-0.0,-0.0,0.0,-0.0,0.0
3F,D,3A,EYR,0.0,0.0,0.0,-0.0,0.0
3F,D,4,EYR,0.0,0.0,0.0,-0.0,0.0
3F,D,4A,EYR,-0.0,0.0,0.0,-0.0,0.0
3F,D,5,EYR,0.0,0.0,-0.0,0.0,-0.0
3F,D,5A,EYR,0.0,-0.0,-0.0,0.0,-0.0
3F,D,6,EYR,0.0,0.0,0.0,0.0,-0.0
3F,D,7,EYR,0.0,0.0,-0.0,0.0,-0.0
3F,E,1,EYR,-0.0,-0.0,-0.0,0.0,-0.0
3F,E,2,EYR,-0.0,-0.0,0.0,-0.0,0.0
3F,E,3,EYR,0.0,0.0,-0.0,0.0,-0.0
3F,E,3A,EYR,-0.0,-0.0,-0.0,0.0,-0.0
3F,E,4,EYR,-0.0,-0.0,-0.0,0.0,-0.0
3F,E,4A,EYR,-0.0,-0.0,-0.0,-0.0,0.0
3F,E,5,EYR,-0.0,-0.0,-0.0,-0.0,0.0
3F,E,5A,EYR,-0.0,0.0,0.0,-0.0,0.0
3F,E,6,EYR,0.0,-0.0,-0.0,0.0,-0.0
3F,E,7,EYR,-0.0,-0.0,-0.0,-0.0,0.0
3F,F,1,EYR,0.0,-0.0,-0.0,0.0,-0.0
3F,F,7,EYR,-0.0,-0.0,0.0,-0.0,0.0
3F,G,2,EYR,-1.1,0.2,1.6,-0.4,0.4
3F,G,3,EYR,0.5,0.3,0.1,0.1,-0.1
3F,G,3A,EYR,0.1,-0.1,-0.3,0.1,-0.1
3F,G,4,EYR,-0.0,-0.0,-0.0,0.0,-0.0
3F,G,4A,EYR,-0.0,-0.0,-0.0,0.0,-0.0
3F,G,5,EYR,-0.3,-0.1,0.1,-0.1,0.1
3F,G,5A,EYR,0.1,0.3,0.5,-0.1,0.1
3F,G,6,EYR,1.6,0.2,-1.1,0.4,-0.4
4F,A,2,EYR,1.5,-0.3,-2.1,0.5,-0.5
4F,A,3,EYR,-0.7,-0.4,-0.1,-0.1,0.1
4F,A,3A,EYR,-0.1,0.1,0.4,-0.1,0.1
4F,A,4,EYR,0.1,0.1,0.1,-0.0,0.0
4F,A,4A,EYR,0.1,0.1,0.1,-0.0,0.0
4F,A,5,EYR,0.4,0.1,-0.1,0.1,-0.1
4F,A,5A,EYR,-0.1,-0.4,-0.7,0.1,-0.1
4F,A,6,EYR,-2.1,-0.3,1.5,-0.5,0.5
4F,B,1,EYR,-0.0,0.0,0.0,-0.0,0.0
4F,B,7,EYR,0.0,0.0,-0.0,0.0,-0.0
4F,C,1,EYR,-0.0,0.0,0.0,-0.0,0.0
4F,C,2,EYR,0.0,0.0,0.0,0.0,-0.0
4F,C,3,EYR,-0.0,-0.0,0.0,-0.0,0.0
4F,C,3A,EYR,-0.0,0.0,0.0,-0.0,0.0
4F,C,4,EYR,0.0,-0.0,-0.0,0.0,-0.0
4F,C,4A,EYR,0.0,0.0,0.0,0.0,-0.0
4F,C,5,EYR,0.0,0.0,0.0,0.0,-0.0
4F,C,5A,EYR,-0.0,-0.0,-0.0,0.0,-0.0
4F,C,6,EYR,0.0,0.0,0.0,-0.0,0.0
4F,C,7,EYR,0.0,0.0,-0.0,0.0,-0.0
4F,D,1,EYR,-0.0,0.0,0.0,-0.0,0.0
4F,D,2,EYR,0.0,0.0,0.0,-0.0,0.0
4F,D,3,EYR,-0.0,0.4,0.7,-0.2,0.2
4F,D,3A,EYR,0.7,0.4,0.0,0.2,-0.2
4F,D,4,EYR,0.0,0.0,0.0,-0.0,0.0
4F,D,4A,EYR,0.0,0.0,0.0,0.0,-0.0
4F,D,5,EYR,0.0,0.4,0.7,-0.2,0.2
4F,D,5A,EYR,0.7,0.4,-0.0,0.2,-0.2
4F,D,6,EYR,0.0,0.0,0.0,0.0,-0.0
4F,D,7,EYR,0.0,0.0,-0.0,0.0,-0.0
4F,E,1,EYR,-0.0,-0.0,-0.0,0.0,-0.0
4F,E,2,EYR,-0.0,-0.0,0.0,-0.0,0.0
4F,E,3,EYR,0.0,0.0,0.0,0.0,-0.0
4F,E,3A,EYR,-0.0,-0.0,-0.0,0.0,-0.0
4F,E,4,EYR,-0.0,0.0,0.0,-0.0,0.0
4F,E,4A,EYR,0.0,0.0,-0.0,0.0,-0.0
4F,E,5,EYR,-0.0,-0.0,-0.0,-0.0,0.0
4F,E,5A,EYR,0.0,0.0,0.0,-0.0,0.0
4F,E,6,EYR,0.0,-0.0,-0.0,0.0,-0.0
4F,E,7,EYR,-0.0,-0.0,-0.0,-0.0,0.0
4F,F,1,EYR,0.0,-0.0,-0.0,0.0,-0.0
4F,F,7,EYR,-0.0,-0.0,0.0,-0.0,0.0
4F,G,2,EYR,-1.5,0.3,2.0,-0.5,0.5
4F,G,3,EYR,0.6,0.4,0.1,0.1,-0.1
4F,G,3A,EYR,0.1,-0.1,-0.4,0.1,-0.1
4F,G,4,EYR,-0.0,-0.0,-0.0,0.0,-0.0
4F,G,4A,EYR,-0.0,-0.0,-0.0,0.0,-0.0
4F,G,5,EYR,-0.4,-0.1,0.1,-0.1,0.1
4F,G,5A,EYR,0.1,0.4,0.6,-0.1,0.1
4F,G,6,EYR,2.0,0.3,-1.5,0.5,-0.5
5F,A,2,EYR,1.8,-0.3,-2.5,0.6,-0.6
5F,A,3,EYR,-0.8,-0.5,-0.1,-0.2,0.2
5F,A,3A,EYR,-0.1,0.2,0.5,-0.2,0.2
5F,A,4,EYR,0.1,0.1,0.1,-0.0,0.0
5F,A,4A,EYR,0.1,0.1,0.1,-0.0,0.0
5F,A,5,EYR,0.5,0.2,-0.1,0.2,-0.2
5F,A,5A,EYR,-0.1,-0.5,-0.8,0.2,-0.2
5F,A,6,EYR,-2.5,-0.3,1.8,-0.6,0.6
5F,B,1,EYR,-0.0,0.0,0.0,-0.0,0.0
5F,B,7,EYR,0.0,0.0,-0.0,0.0,-0.0
5F,C,1,EYR,0.0,0.0,0.0,-0.0,0.0
5F,C,2,EYR,0.0,0.0,-0.0,0.0,-0.0
5F,C,3,EYR,-0.0,-0.0,0.0,-0.0,0.0
5F,C,3A,EYR,-0.0,0.0,0.0,-0.0,0.0
5F,C,4,EYR,0.0,0.0,0.0,-0.0,0.0
5F,C,4A,EYR,0.0,0.0,0.0,0.0,-0.0
5F,C,5,EYR,0.0,0.0,0.0,0.0,-0.0
5F,C,5A,EYR,-0.0,-0.0,-0.0,0.0,-0.0
5F,C,6,EYR,-0.0,0.0,0.0,-0.0,0.0
5F,C,7,EYR,0.0,0.0,0.0,0.0,-0.0
5F,D,1,EYR,-0.0,-0.0,-0.0,0.0,-0.0
5F,D,2,EYR,-0.0,0.0,0.0,-0.0,0.0
5F,D,3,EYR,-0.0,-0.0,0.0,-0.0,0.0
5F,D,3A,EYR,0.0,0.0,0.0,-0.0,0.0
5F,D,4,EYR,0.0,-0.0,-0.0,0.0,-0.0
5F,D,4A,EYR,0.0,0.0,0.0,0.0,-0.0
5F,D,5,EYR,0.0,0.0,-0.0,0.0,-0.0
5F,D,5A,EYR,-0.0,-0.0,-0.0,0.0,-0.0
5F,D,6,EYR,0.0,0.0,-0.0,0.0,-0.0
5F,D,7,EYR,-0.0,-0.0,-0.0,-0.0,0.0
5F,E,1,EYR,-0.0,-0.0,-0.0,0.0,-0.0
5F,E,2,EYR,-0.0,-0.0,0.0,-0.0,0.0
5F,E,3,EYR,0.0,0.0,0.0,0.0,-0.0
5F,E,3A,EYR,-0.0,-0.0,-0.0,0.0,-0.0
5F,E,4,EYR,-0.0,0.0,0.0,-0.0,0.0
5F,E,4A,EYR,0.0,0.0,-0.0,0.0,-0.0
5F,E,5,EYR,-0.0,-0.0,-0.0,-0.0,0.0
5F,E,5A,EYR,-0.0,0.0,0.0,-0.0,0.0
5F,E,6,EYR,0.0,-0.0,-0.0,0.0,-0.0
5F,E,7,EYR,-0.0,-0.0,-0.0,-0.0,0.0
5F,F,1,EYR,0.0,-0.0,-0.0,0.0,-0.0
5F,F,7,EYR,-0.0,-0.0,0.0,-0.0,0.0
5F,G,2,EYR,-1.8,0.3,2.4,-0.6,0.6
5F,G,3,EYR,0.7,0.4,0.1,0.2,-0.2
5F,G,3A,EYR,0.1,-0.2,-0.4,0.2,-0.2
5F,G,4,EYR,-0.0,-0.0,-0.0,0.0,-0.0
5F,G,4A,EYR,-0.0,-0.0,-0.0,0.0,-0.0
5F,G,5,EYR,-0.4,-0.2,0.1,-0.1,0.1
5F,G,5A,EYR,0.1,0.4,0.7,-0.1,0.1
5F,G,6,EYR,2.4,0.3,-1.8,0.6,-0.6
RF,A,2,EYR,1.2,-0.5,-2.1,0.4,-0.4
RF,A,3,EYR,-1.0,-0.6,-0.2,-0.2,0.2
RF,A,3A,EYR,-0.2,0.1,0.5,-0.2,0.2
RF,A,4,EYR,0.1,0.1,0.1,-0.0,0.0
RF,A,4A,EYR,0.1,0.1,0.1,-0.0,0.0
RF,A,5,EYR,0.5,0.1,-0.2,0.2,-0.2
RF,A,5A,EYR,-0.2,-0.6,-1.0,0.2,-0.2
RF,A,6,EYR,-2.1,-0.5,1.2,-0.4,0.4
RF,B,1,EYR,-0.0,0.0,0.0,-0.0,0.0
RF,B,7,EYR,0.0,0.0,-0.0,0.0,-0.0
RF,C,1,EYR,0.0,0.0,0.0,-0.0,0.0
RF,C,2,EYR,0.0,0.0,-0.0,0.0,-0.0
RF,C,3,EYR,-0.0,-0.0,-0.0,-0.0,0.0
RF,C,3A,EYR,-0.0,0.0,0.0,-0.0,0.0
RF,C,4,EYR,0.0,0.0,0.0,-0.0,0.0
RF,C,4A,EYR,0.0,0.0,0.0,0.0,-0.0
RF,C,5,EYR,0.0,0.0,0.0,0.0,-0.0
RF,C,5A,EYR,0.0,-0.0,-0.0,0.0,-0.0
RF,C,6,EYR,-0.0,0.0,0.0,-0.0,0.0
RF,C,7,EYR,0.0,0.0,0.0,0.0,-0.0
RF,D,1,EYR,-0.0,-0.0,-0.0,0.0,-0.0
RF,D,2,EYR,-0.0,0.0,0.0,-0.0,0.0
RF,D,3,EYR,-0.0,-0.0,-0.0,-0.0,0.0
RF,D,3A,EYR,0.0,0.0,0.0,-0.0,0.0
RF,D,4,EYR,0.0,0.0,0.0,0.0,-0.0
RF,D,4A,EYR,0.0,0.0,0.0,-0.0,0.0
RF,D,5,EYR,0.0,0.0,0.0,0.0,-0.0
RF,D,5A,EYR,0.0,-0.0,-0.0,0.0,-0.0
RF,D,6,EYR,0.0,0.0,-0.0,0.0,-0.0
RF,D,7,EYR,-0.0,-0.0,-0.0,-0.0,0.0
RF,E,1,EYR,-0.0,-0.0,-0.0,0.0,-0.0
RF,E,2,EYR,-0.0,-0.0,0.0,-0.0,0.0
RF,E,3,EYR,0.0,0.0,-0.0,0.0,-0.0
RF,E,3A,EYR,-0.0,-0.0,-0.0,0.0,-0.0
RF,E,4,EYR,-0.0,0.0,0.0,-0.0,0.0
RF,E,4A,EYR,0.0,0.0,-0.0,0.0,-0.0
RF,E,5,EYR,-0.0,-0.0,0.0,-0.0,0.0
RF,E,5A,EYR,0.0,0.0,0.0,-0.0,0.0
RF,E,6,EYR,0.0,-0.0,-0.0,0.0,-0.0
RF,E,7,EYR,-0.0,-0.0,-0.0,-0.0,0.0
RF,F,1,EYR,0.0,-0.0,-0.0,0.0,-0.0
RF,F,7,EYR,-0.0,-0.0,0.0,-0.0,0.0
RF,G,2,EYR,-1.1,0.4,2.0,-0.4,0.4
RF,G,3,EYR,0.9,0.6,0.2,0.2,-0.2
RF,G,3A,EYR,0.2,-0.1,-0.4,0.2,-0.2
RF,G,4,EYR,-0.1,-0.1,-0.1,0.0,-0.0
RF,G,4A,EYR,-0.1,-0.1,-0.1,0.0,-0.0
RF,G,5,EYR,-0.4,-0.1,0.2,-0.2,0.2
RF,G,5A,EYR,0.2,0.6,0.9,-0.2,0.2
RF,G,6,EYR,2.0,0.4,-1.1,0.4,-0.4
1F,1,B,EYR,376.1,39.4,-297.2,87.4,-87.4
1F,1,C,EYR,243.1,119.1,-5.0,66.1,-66.1
1F,1,D,EYR,-5.0,-129.0,-253.0,66.1,-66.1
1F,1,E,EYR,306.7,-29.7,-366.0,87.4,-87.4
1F,2,A,EYR,42.8,-34.5,-111.7,32.2,-32.2
1F,2,F,EYR,111.7,34.5,-42.8,32.2,-32.2
1F,3,C,EYR,501.1,220.9,-59.3,149.4,-149.4
1F,3,D,EYR,57.9,-219.7,-497.3,148.0,-148.0
1F,4,C,EYR,462.2,201.8,-58.5,138.8,-138.8
1F,4,D,EYR,58.4,-201.7,-461.8,138.7,-138.7
1F,5,C,EYR,462.2,201.8,-58.5,138.8,-138.8
1F,5,D,EYR,58.4,-201.7,-461.8,138.7,-138.7
1F,6,C,EYR,501.1,220.9,-59.3,149.4,-149.4
1F,6,D,EYR,57.9,-219.7,-497.3,148.0,-148.0
1F,7,A,EYR,42.8,-34.5,-111.7,32.2,-32.2
1F,7,F,EYR,111.7,34.5,-42.8,32.2,-32.2
1F,8,B,EYR,376.1,39.4,-297.2,87.4,-87.4
1F,8,C,EYR,243.1,119.1,-5.0,66.1,-66.1
1F,8,D,EYR,-5.0,-129.0,-253.0,66.1,-66.1
1F,8,E,EYR,306.7,-29.7,-366.0,87.4,-87.4
2F,1,B,EYR,306.0,1.2,-303.7,79.2,-79.2
2F,1,C,EYR,134.5,99.9,65.3,18.4,-18.4
2F,1,D,EYR,65.3,-89.6,-244.4,82.6,-82.6
2F,1,E,EYR,246.0,-11.1,-268.3,66.8,-66.8
2F,2,A,EYR,0.0,0.0,-0.0,0.0,-0.0
2F,2,B,EYR,0.0,0.0,-0.0,0.0,-0.0
2F,2,C,EYR,-0.0,-0.0,0.0,-0.0,0.0
2F,2,D,EYR,0.0,0.0,0.0,0.0,-0.0
2F,2,E,EYR,0.0,-0.0,-0.0,0.0,-0.0
2F,2,F,EYR,0.0,-0.0,-0.0,0.0,-0.0
2F,3,A,EYR,0.0,-23.3,-46.6,9.7,-9.7
2F,3,B,EYR,-46.6,-84.0,-121.4,9.7,-9.7
2F,3,C,EYR,248.0,124.0,-0.0,66.1,-66.1
2F,3,D,EYR,0.0,-114.5,-229.0,61.1,-61.1
2F,3,E,EYR,124.6,86.2,47.8,10.0,-10.0
2F,3,F,EYR,47.8,23.9,-0.0,10.0,-10.0
2F,4,A,EYR,0.0,-21.2,-42.4,8.8,-8.8
2F,4,B,EYR,-42.4,-76.4,-110.5,8.8,-8.8
2F,4,C,EYR,262.3,131.1,-0.0,70.0,-70.0
2F,4,D,EYR,0.0,-130.4,-260.8,69.6,-69.6
2F,4,E,EYR,110.7,76.6,42.5,8.9,-8.9
2F,4,F,EYR,42.5,21.2,-0.0,8.9,-8.9
2F,5,A,EYR,0.0,-21.2,-42.4,8.8,-8.8
2F,5,B,EYR,-42.4,-76.4,-110.5,8.8,-8.8
2F,5,C,EYR,262.3,131.1,-0.0,70.0,-70.0
2F,5,D,EYR,0.0,-130.4,-260.8,69.6,-69.6
2F,5,E,EYR,110.7,76.6,42.5,8.9,-8.9
2F,5,F,EYR,42.5,21.2,-0.0,8.9,-8.9
2F,6,A,EYR,0.0,-23.3,-46.6,9.7,-9.7
2F,6,B,EYR,-46.6,-84.0,-121.4,9.7,-9.7
2F,6,C,EYR,248.0,124.0,-0.0,66.1,-66.1
2F,6,D,EYR,0.0,-114.5,-229.0,61.1,-61.1
2F,6,E,EYR,124.6,86.2,47.8,10.0,-10.0
2F,6,F,EYR,47.8,23.9,-0.0,10.0,-10.0
2F,7,A,EYR,0.0,0.0,-0.0,0.0,-0.0
2F,7,B,EYR,0.0,0.0,-0.0,0.0,-0.0
2F,7,C,EYR,-0.0,-0.0,0.0,-0.0,0.0
2F,7,D,EYR,0.0,0.0,0.0,0.0,-0.0
2F,7,E,EYR,0.0,-0.0,-0.0,0.0,-0.0
2F,7,F,EYR,0.0,-0.0,-0.0,0.0,-0.0
2F,8,B,EYR,306.0,1.2,-303.7,79.2,-79.2
2F,8,C,EYR,134.5,99.9,65.3,18.4,-18.4
2F,8,D,EYR,65.3,-89.6,-244.4,82.6,-82.6
2F,8,E,EYR,246.0,-11.1,-268.3,66.8,-66.8
3F,1,B,EYR,396.0,5.1,-385.8,101.5,-101.5
3F,1,C,EYR,223.2,109.6,-4.1,60.6,-60.6
3F,1,D,EYR,-4.1,-117.7,-231.4,60.6,-60.6
3F,1,E,EYR,332.6,-5.6,-343.8,87.8,-87.8
3F,2,A,EYR,0.0,-0.0,-0.0,0.0,-0.0
3F,2,B,EYR,0.0,0.0,-0.0,0.0,-0.0
3F,2,C,EYR,-0.0,-0.0,-0.0,-0.0,0.0
3F,2,D,EYR,-0.0,0.0,0.0,-0.0,0.0
3F,2,E,EYR,0.0,-0.0,-0.0,0.0,-0.0
3F,2,F,EYR,0.0,0.0,-0.0,0.0,-0.0
3F,3,A,EYR,0.0,-30.7,-61.4,12.8,-12.8
3F,3,B,EYR,-61.4,-110.6,-159.9,12.8,-12.8
3F,3,C,EYR,301.2,150.6,-0.0,80.3,-80.3
3F,3,D,EYR,0.0,-133.5,-267.1,71.2,-71.2
3F,3,E,EYR,165.9,114.8,63.7,13.3,-13.3
3F,3,F,EYR,63.7,31.8,-0.0,13.3,-13.3
3F,4,A,EYR,0.0,-27.2,-54.4,11.3,-11.3
3F,4,B,EYR,-54.4,-98.0,-141.6,11.3,-11.3
3F,4,C,EYR,331.0,165.5,-0.0,88.3,-88.3
3F,4,D,EYR,0.0,-164.1,-328.1,87.5,-87.5
3F,4,E,EYR,142.0,98.2,54.5,11.4,-11.4
3F,4,F,EYR,54.5,27.2,-0.0,11.4,-11.4
3F,5,A,EYR,0.0,-27.2,-54.4,11.3,-11.3
3F,5,B,EYR,-54.4,-98.0,-141.6,11.3,-11.3
3F,5,C,EYR,331.0,165.5,-0.0,88.3,-88.3
3F,5,D,EYR,0.0,-164.1,-328.1,87.5,-87.5
3F,5,E,EYR,142.0,98.2,54.5,11.4,-11.4
3F,5,F,EYR,54.5,27.2,-0.0,11.4,-11.4
3F,6,A,EYR,0.0,-30.7,-61.4,12.8,-12.8
3F,6,B,EYR,-61.4,-110.6,-159.9,12.8,-12.8
3F,6,C,EYR,301.2,150.6,-0.0,80.3,-80.3
3F,6,D,EYR,0.0,-133.5,-267.1,71.2,-71.2
3F,6,E,EYR,165.9,114.8,63.7,13.3,-13.3
3F,6,F,EYR,63.7,31.8,-0.0,13.3,-13.3
3F,7,A,EYR,0.0,-0.0,-0.0,0.0,-0.0
3F,7,B,EYR,0.0,0.0,-0.0,0.0,-0.0
3F,7,C,EYR,-0.0,-0.0,-0.0,-0.0,0.0
3F,7,D,EYR,-0.0,0.0,0.0,-0.0,0.0
3F,7,E,EYR,0.0,-0.0,-0.0,0.0,-0.0
3F,7,F,EYR,0.0,0.0,-0.0,0.0,-0.0
3F,8,B,EYR,396.0,5.1,-385.8,101.5,-101.5
3F,8,C,EYR,223.2,109.6,-4.1,60.6,-60.6
3F,8,D,EYR,-4.1,-117.7,-231.4,60.6,-60.6
3F,8,E,EYR,332.6,-5.6,-343.8,87.8,-87.8
4F,1,B,EYR,429.2,6.3,-416.7,109.9,-109.9
4F,1,C,EYR,257.6,127.3,-3.0,69.5,-69.5
4F,1,D,EYR,-3.0,-133.2,-263.5,69.5,-69.5
4F,1,E,EYR,360.3,-8.0,-376.3,95.7,-95.7
4F,2,A,EYR,0.0,0.0,-0.0,0.0,-0.0
4F,2,B,EYR,0.0,0.0,-0.0,0.0,-0.0
4F,2,C,EYR,-0.0,-0.0,-0.0,-0.0,0.0
4F,2,D,EYR,-0.0,0.0,0.0,-0.0,0.0
4F,2,E,EYR,0.0,-0.0,-0.0,0.0,-0.0
4F,2,F,EYR,0.0,-0.0,-0.0,0.0,-0.0
4F,3,A,EYR,0.1,-35.0,-70.0,14.6,-14.6
4F,3,B,EYR,-70.0,-126.2,-182.3,14.6,-14.6
4F,3,C,EYR,313.0,156.5,-0.0,83.5,-83.5
4F,3,D,EYR,0.0,-146.4,-292.9,78.1,-78.1
4F,3,E,EYR,182.6,126.4,70.1,14.6,-14.6
4F,3,F,EYR,70.1,35.0,-0.0,14.6,-14.6
4F,4,A,EYR,0.0,-30.2,-60.5,12.6,-12.6
4F,4,B,EYR,-60.5,-109.1,-157.7,12.6,-12.6
4F,4,C,EYR,361.8,180.9,-0.0,96.5,-96.5
4F,4,D,EYR,0.0,-178.8,-357.6,95.4,-95.4
4F,4,E,EYR,158.2,109.5,60.7,12.7,-12.7
4F,4,F,EYR,60.7,30.3,-0.0,12.7,-12.7
4F,5,A,EYR,0.0,-30.2,-60.5,12.6,-12.6
4F,5,B,EYR,-60.5,-109.1,-157.7,12.6,-12.6
4F,5,C,EYR,361.8,180.9,-0.0,96.5,-96.5
4F,5,D,EYR,0.0,-178.8,-357.6,95.4,-95.4
4F,5,E,EYR,158.2,109.5,60.7,12.7,-12.7
4F,5,F,EYR,60.7,30.3,-0.0,12.7,-12.7
4F,6,A,EYR,0.1,-35.0,-70.0,14.6,-14.6
4F,6,B,EYR,-70.0,-126.2,-182.3,14.6,-14.6
4F,6,C,EYR,313.0,156.5,-0.0,83.5,-83.5
4F,6,D,EYR,0.0,-146.4,-292.9,78.1,-78.1
4F,6,E,EYR,182.6,126.4,70.1,14.6,-14.6
4F,6,F,EYR,70.1,35.0,-0.0,14.6,-14.6
4F,7,A,EYR,0.0,0.0,-0.0,0.0,-0.0
4F,7,B,EYR,0.0,0.0,-0.0,0.0,-0.0
4F,7,C,EYR,-0.0,-0.0,-0.0,-0.0,0.0
4F,7,D,EYR,-0.0,0.0,0.0,-0.0,0.0
4F,7,E,EYR,0.0,-0.0,-0.0,0.0,-0.0
4F,7,F,EYR,0.0,-0.0,-0.0,0.0,-0.0
4F,8,B,EYR,429.2,6.3,-416.7,109.9,-109.9
4F,8,C,EYR,257.6,127.3,-3.0,69.5,-69.5
4F,8,D,EYR,-3.0,-133.2,-263.5,69.5,-69.5
4F,8,E,EYR,360.3,-8.0,-376.3,95.7,-95.7
5F,1,B,EYR,409.2,6.3,-396.7,104.7,-104.7
5F,1,C,EYR,245.9,121.5,-2.9,66.3,-66.3
5F,1,D,EYR,-2.9,-127.3,-251.7,66.3,-66.3
5F,1,E,EYR,340.0,-7.6,-355.2,90.3,-90.3
5F,2,A,EYR,0.0,-0.0,-0.0,0.0,-0.0
5F,2,B,EYR,0.0,0.0,-0.0,0.0,-0.0
5F,2,C,EYR,-0.0,-0.0,-0.0,-0.0,0.0
5F,2,D,EYR,0.0,0.0,0.0,-0.0,0.0
5F,2,E,EYR,0.0,-0.0,-0.0,0.0,-0.0
5F,2,F,EYR,0.0,0.0,-0.0,0.0,-0.0
5F,3,A,EYR,0.0,-35.1,-70.3,14.6,-14.6
5F,3,B,EYR,-70.3,-126.7,-183.1,14.6,-14.6
5F,3,C,EYR,262.1,131.0,-0.0,69.9,-69.9
5F,3,D,EYR,0.0,-134.7,-269.5,71.9,-71.9
5F,3,E,EYR,175.3,121.3,67.3,14.0,-14.0
5F,3,F,EYR,67.3,33.6,-0.0,14.0,-14.0
5F,4,A,EYR,0.0,-29.1,-58.3,12.1,-12.1
5F,4,B,EYR,-58.3,-105.1,-151.8,12.1,-12.1
5F,4,C,EYR,341.0,170.5,-0.0,90.9,-90.9
5F,4,D,EYR,0.0,-167.5,-335.1,89.4,-89.4
5F,4,E,EYR,152.6,105.6,58.6,12.2,-12.2
5F,4,F,EYR,58.6,29.3,-0.0,12.2,-12.2
5F,5,A,EYR,0.0,-29.1,-58.3,12.1,-12.1
5F,5,B,EYR,-58.3,-105.1,-151.8,12.1,-12.1
5F,5,C,EYR,341.0,170.5,-0.0,90.9,-90.9
5F,5,D,EYR,0.0,-167.5,-335.1,89.4,-89.4
5F,5,E,EYR,152.6,105.6,58.6,12.2,-12.2
5F,5,F,EYR,58.6,29.3,-0.0,12.2,-12.2
5F,6,A,EYR,0.0,-35.1,-70.3,14.6,-14.6
5F,6,B,EYR,-70.3,-126.7,-183.1,14.6,-14.6
5F,6,C,EYR,262.1,131.0,-0.0,69.9,-69.9
5F,6,D,EYR,0.0,-134.7,-269.5,71.9,-71.9
5F,6,E,EYR,175.3,121.3,67.3,14.0,-14.0
5F,6,F,EYR,67.3,33.6,-0.0,14.0,-14.0
5F,7,A,EYR,0.0,-0.0,-0.0,0.0,-0.0
5F,7,B,EYR,0.0,0.0,-0.0,0.0,-0.0
5F,7,C,EYR,-0.0,-0.0,-0.0,-0.0,0.0
5F,7,D,EYR,0.0,0.0,0.0,-0.0,0.0
5F,7,E,EYR,0.0,-0.0,-0.0,0.0,-0.0
5F,7,F,EYR,0.0,0.0,-0.0,0.0,-0.0
5F,8,B,EYR,409.2,6.3,-396.7,104.7,-104.7
5F,8,C,EYR,245.9,121.5,-2.9,66.3,-66.3
5F,8,D,EYR,-2.9,-127.3,-251.7,66.3,-66.3
5F,8,E,EYR,340.0,-7.6,-355.2,90.3,-90.3
RF,1,B,EYR,276.3,3.4,-269.4,70.9,-70.9
RF,1,C,EYR,142.2,68.8,-4.6,39.2,-39.2
RF,1,D,EYR,-4.6,-78.0,-151.4,39.2,-39.2
RF,1,E,EYR,226.3,-6.3,-238.9,60.4,-60.4
RF,2,A,EYR,0.0,0.0,-0.0,0.0,-0.0
RF,2,B,EYR,0.0,0.0,-0.0,0.0,-0.0
RF,2,C,EYR,-0.0,-0.0,-0.0,-0.0,0.0
RF,2,D,EYR,-0.0,0.0,0.0,-0.0,0.0
RF,2,E,EYR,0.0,-0.0,-0.0,0.0,-0.0
RF,2,F,EYR,0.0,-0.0,-0.0,0.0,-0.0
RF,3,A,EYR,0.0,-27.3,-54.7,11.4,-11.4
RF,3,B,EYR,-54.7,-98.6,-142.4,11.4,-11.4
RF,3,C,EYR,155.9,78.0,-0.0,41.6,-41.6
RF,3,D,EYR,0.0,-82.0,-164.0,43.7,-43.7
RF,3,E,EYR,135.1,93.5,51.8,10.8,-10.8
RF,3,F,EYR,51.8,25.9,-0.0,10.8,-10.8
RF,4,A,EYR,0.0,-20.2,-40.5,8.4,-8.4
RF,4,B,EYR,-40.5,-73.0,-105.4,8.4,-8.4
RF,4,C,EYR,218.4,109.2,-0.0,58.2,-58.2
RF,4,D,EYR,0.0,-106.9,-213.8,57.0,-57.0
RF,4,E,EYR,106.6,73.8,40.9,8.5,-8.5
RF,4,F,EYR,40.9,20.4,-0.0,8.5,-8.5
RF,5,A,EYR,0.0,-20.2,-40.5,8.4,-8.4
RF,5,B,EYR,-40.5,-73.0,-105.4,8.4,-8.4
RF,5,C,EYR,218.4,109.2,-0.0,58.2,-58.2
RF,5,D,EYR,0.0,-106.9,-213.8,57.0,-57.0
RF,5,E,EYR,106.6,73.8,40.9,8.5,-8.5
RF,5,F,EYR,40.9,20.4,-0.0,8.5,-8.5
RF,6,A,EYR,0.0,-27.3,-54.7,11.4,-11.4
RF,6,B,EYR,-54.7,-98.6,-142.4,11.4,-11.4
RF,6,C,EYR,155.9,78.0,-0.0,41.6,-41.6
RF,6,D,EYR,0.0,-82.0,-164.0,43.7,-43.7
RF,6,E,EYR,135.1,93.5,51.8,10.8,-10.8
RF,6,F,EYR,51.8,25.9,-0.0,10.8,-10.8
RF,7,A,EYR,0.0,0.0,-0.0,0.0,-0.0
RF,7,B,EYR,0.0,0.0,-0.0,0.0,-0.0
RF,7,C,EYR,-0.0,-0.0,-0.0,-0.0,0.0
RF,7,D,EYR,-0.0,0.0,0.0,-0.0,0.0
RF,7,E,EYR,0.0,-0.0,-0.0,0.0,-0.0
RF,7,F,EYR,0.0,-0.0,-0.0,0.0,-0.0
RF,8,B,EYR,276.3,3.4,-269.4,70.9,-70.9
RF,8,C,EYR,142.2,68.8,-4.6,39.2,-39.2
RF,8,D,EYR,-4.6,-78.0,-151.4,39.2,-39.2
RF,8,E,EYR,226.3,-6.3,-238.9,60.4,-60.4
